,교보문고,2022.07~2023.05,임규찬,,,,,,,YES24,2022.07~2022.06,구영인,,,,,,,영풍문고,2022.07~2023.06,우종연,,,,,,,알라딘,2022.07~2023.06,진수영,,,,
,ISBN,책 제목,도서 장르,저자,평점,판매가격,발행일,,,ISBN,책 제목,도서 장르,저자,평점,판매가격,발행일,,,ISBN,책 제목,도서 장르,저자,평점,판매가격,발행일,,,ISBN,책 제목,도서 장르,저자,평점,판매가격,발행일
2022년07월,,,,,,,,,2022년7월,,,,,,,,,2022년 7월,,,,,,,,,2022년7월,,,,,,,
1,9791161571188 ,불편한 편의점(벚꽃 에디션),소설,김호연,9.8,"12,600원",2021년04월20일,,1,9788901260716 ,역행자,자기계발,자청,9.3,"15,750원",2022년 05월 30일,,1,791161571188 ,불편한 편의점(벚꽃 에디션),국내도서,김호연,/,"12,600원",2021년 04월 20일,,1,9788932474755 ,헤어질 결심 각본,예술/대중문화,박찬욱,9.9,"13,500원",2022-08-05
2,9791191043754 ,세상의 마지막 기차역(리커버 에디션),소설,무라세 다케시,9.7,"12,600원",2022년05월09일,,2,9791191114225 ,작별인사,소설/시/희곡,김영하,9.2,"12,600원",2022년 09월 05일,,2,791191043754 ,세상의 마지막 기차역-리커버 에디션,국내도서,무라세다케시,/,"12,600원",2022년 05월 11일,,2,9791168340510 ,파친코 1,소설/시/희곡,이민진,9.4,"14,220원",2022-07-27
3,9791191114225 ,작별인사,소설,김영하,9.6,"12,600원",2022년05월02일,,3,9791161571188 ,불편한 편의점,소설/시/희곡,김호연,9.2,"12,600원",2021년 04월 20일,,3,788901260716 ,역행자,국내도서,자청,/,"15,750원",2022년 05월 30일,,3,9788901260716 ,역행자,자기계발,자청,7.4,"15,750원",2022-06-03
4,9791196617127 ,기분을 관리하면 인생이 관리된다,시/에세이,김다슬,9.4,"15,840원",2022년04월12일,,4,9791190977661 ,[예스리커버] 인플레이션에서 살아남기,경제 경영,오건영,9.6,"16,920원",2022년 05월 23일,,4,791168412279 ,에그박사 7,국내도서,"에그박사,박송이",/,"13,050원",2022년 06월 15일,,4,9788965137702 ,유럽 도시 기행 2,인문학,유시민,8.9,"15,750원",2022-07-09
5,9788932474755 ,헤어질 결심 각본,예술/대중문화,정서경,9.8,"13,500원",2022년08월05일,,5,9791196617127 ,기분을 관리하면 인생이 관리된다,에세이,김다슬,9.2,"15,840원",2022년 04월 12일,,5,791191114225 ,작별인사,국내도서,김영하,/,"12,600원",2022년 05월 02일,,5,9791157062645 ,계속 가보겠습니다,사회과학,임은정,9.7,"16,200원",2022-07-22
6,9788965137702 ,유럽 도시 기행 2,인문,유시민,9.8,"15,750원",2022년07월09일,,6,9791191496208 ,설민석의 한국사 대모험 21 ,어린이,설민석,9.9,"11,700원",2022년 05월 27일,,6,791168411685 ,흔한남매 10,국내도서,"흔한남매,백난도",/,"12,150원",2022년 04월 28일,,6,8809264180679 ,우리 아기 오감발달 시끌벅적 정글 사운드북,유아,샘 태플린,7.7,"15,200원",2017-03-08
7,9791197377143 ,"어서 오세요, 휴남동 서점입니다",소설,황보름,9.7,"13,500원",2022년01월17일,,7,9791130689890 ,내가 틀릴 수도 있습니다,인문,비욘 나티코 린데블라드,9.3,"14,400원",2022년 04월 18일,,7,791191043723 ,어느 날 내 죽음에 네가 들어왔다,국내도서,세이카료겐,/,"13,500원",2022년 05월 09일,,7,9791164064410 ,이상한 과자 가게 전천당 15,어린이,히로시마 레이코,10,"11,700원",2022-07-11
8,9791190977661 ,인플레이션에서 살아남기,경제/경영,오건영,9.7,"16,920원",2022년05월23일,,8,9791197377143 ,"어서 오세요, 휴남동 서점입니다",소설/시/희곡,황보름,9.2,"13,500원",2022년 01월 17일,,8,791133463817 ,포켓몬스터 썬&문 포켓몬 전국대도감,국내도서,편집부,/,"8,550원",2017년 10월 20일,,8,9791136737632 ,방과 후 소년 하나코 군,만화,아이다이로,10,"5,400원",2022-07-28
9,9788954648523 ,친밀한 이방인,소설,정한아,9.7,"11,700원",2017년10월13일,,9,9791191043754 ,세상의 마지막 기차역,소설/시/희곡,무라세 다케시,9.6,"12,600원",2022년 05월 11일,,9,791197377143 ,어서 오세요 휴남동 서점입니다 (봄꽃 에디션),국내도서,황보름,/,"13,500원",2022년 01월 17일,,9,9791161571188 ,불편한 편의점 (벚꽃 에디션),소설/시/희곡,김호연,8.4,"12,600원",2021-04-20
10,9788934961574 ,눈물 한 방울,인문,이어령,9.8,"14,220원",2022년06월30일,,10,9791136736697 ,주술회전 19 일반판 ,만화/라이트노벨,아쿠타미 게게,10,"5,400원",2022년 06월 28일,,10,791164064410 ,이상한 과자 가게 전천당 15,국내도서,히로시마레이코,/,"11,700원",2022년 07월 11일,,10,8809264181478 ,키득키득 사운드북 : 동물 오케스트라,유아,샘 태플린,9.8,"11,040원",2020-02-25
11,9791157845798 ,변화하는 세계 질서,경제/경영,레이 달리오,9.7,"34,200원",2022년06월01일,,11,9788954686921 ,저만치 혼자서,소설/시/희곡,김훈,9.4,"13,500원",2022년 06월 02일,,11,788950903138 ,마법천자문 53-결정을 내려라 결단할 결,국내도서,유대영,/,"12,600원",2022년 07월 12일,,11,9788917238549 ,ETS 토익 정기시험 기출문제집 1000 Vol. 3 Reading (리딩),외국어,ETS,9.7,"16,020원",2021-12-13
12,9791168340510 ,파친코 1,소설,이민진,9.8,"14,220원",2022년08월05일,,12,9788934940753 ,흔한남매 과학 탐험대 5 물리 1 ,어린이,흔한남매,9.9,"12,600원",2022년 06월 16일,,12,791165341909 ,달러구트 꿈 백화점1,국내도서,이미예,/,"12,420원",2020년 07월 08일,,12,9788917238532 ,ETS 토익 정기시험 기출문제집 1000 Vol. 3 Listening (리스닝),외국어,ETS,7.5,"16,020원",2021-12-13
13,9791164064410 ,이상한 과자 가게 전천당 15,어린이(초등),히로시마 레이코,9.8,"11,700원",2022년07월11일,,13,9791197646775 ,보이지 않는 곳에서 애쓰고 있는 너에게,에세이,최대호,9.8,"9,720원",2021년 12월 28일,,13,791191043761 ,멘탈을 바꿔야 인생이 바뀐다(10만부 리커버),국내도서,박세니,/,"15,120원",2023년 05월 15일,,13,9788965422785 ,해커스 토익 기출 보카 TOEIC VOCA 단어장,외국어,David Cho,9,"11,610원",2019-01-02
14,9791157062645 ,계속 가보겠습니다,정치/사회,임은정,9.8,"16,200원",2022년07월22일,,14,9791191043761 ,멘탈을 바꿔야 인생이 바뀐다,자기계발,박세니,9,"15,120원",2022년 04월 30일,,14,791191043297 ,오늘 밤 세계에서 이 사랑이 사라진다 해도,국내도서,이치조미사키,/,"12,600원",2021년 06월 28일,,14,9791191114225 ,작별인사,소설/시/희곡,김영하,8.4,"12,600원",2022-05-02
15,9788965422785 ,해커스 토익 기출보카 TOEIC VOCA(토익보카) 단어장,외국어,David Cho,9.7,"11,610원",2022년03월14일,,15,9788934943457 ,최재천의 공부,인문,최재천,9.4,"14,850원",2022년 05월 18일,,15,791168412477 ,흔한남매 11,국내도서,"흔한남매,백난도",/,"13,050원",2022년 07월 28일,,15,9788950903138 ,마법천자문 53,어린이,유대영,9.6,"12,600원",2022-07-12
16,9791191043761 ,멘탈을 바꿔야 인생이 바뀐다(10만 부 기념 1주년 리커버),자기계발,박세니,9.1,"15,120원",2023년05월24일,,16,9788986755589 ,사람이 보인다 관상백과,종교,편집부,7.5,"2,200원",2012년 09월 15일,,16,788934940753 ,흔한남매 과학 탐험대5-물리1,국내도서,"흔한남매,닥터스코,이현진",/,"12,600원",2022년 06월 16일,,16,9791189327156 ,물고기는 존재하지 않는다,과학,룰루 밀러,8.3,"15,300원",2021-12-17
17,9788934943457 ,최재천의 공부,인문,최재천,9.8,"14,850원",2022년05월18일,,17,9791170400523 ,이어령의 마지막 수업,인문,김지수,9.6,"14,850원",2021년 10월 26일,,17,791168411852 ,흔한남매의 흔한 호기심 6,국내도서,"흔한남매,안치현",/,"11,700원",2022년 06월 08일,,17,8809264181515 ,클래식 뮤지컬 차이콥스키의 발레곡 호두까기 인형 사운드북,유아,피오나 와트,9.7,"15,200원",2020-11-05
18,9791168412477 ,흔한남매 11,어린이(초등),흔한남매,9.9,"13,050원",2022년07월28일,,18,9791157845798 ,변화하는 세계질서,경제 경영,레이 달리오,9.6,"34,200원",2022년 06월 01일,,18,791191043518 ,테라피스트,국내도서,B.A.패리스,/,"14,400원",2021년 12월 06일,,18,9791191043754 ,세상의 마지막 기차역,소설/시/희곡,무라세 다케시,9,"12,600원",2022-05-11
19,9788950903138 ,마법천자문 53: 결정을 내리다! 결단할 결,어린이(초등),유대영,9.8,"12,600원",2022년07월12일,,19,9791168768987 ,스파이 패밀리 Spy Family 9 ,만화/라이트노벨,엔도 타츠야,9.6,"5,400원",2022년 06월 21일,,19,791169180948 ,원피스 102-천왕산,국내도서,오다에이치로,/,"4,950원",2022년 06월 27일,,19,8809264181232 ,키득키득 사운드북 : 내 방귀는 안 그래!,유아,샘 태플린,0,"11,040원",2019-07-09
20,9791191043723 ,"어느 날, 내 죽음에 네가 들어왔다",소설,세이카 료겐,9.6,"13,500원",2022년05월09일,,20,9788954677158 ,긴긴밤,어린이,루리,9.8,"10,350원",2021년 02월 03일,,20,788934961574 ,눈물 한 방울: 이어령의 마지막 노트 2019-2022,국내도서,이어령,/,"14,220원",2022년 06월 30일,,20,8809264180921 ,우리 아기 오감발달 동물농장 사운드북,유아,샘 태플린,9.7,"15,200원",2018-04-11
2022년08월,,,,,,,,,2022년8월,,,,,,,,,2022년 8월,,,,,,,,,2022년8월,,,,,,,
1,9788954699914 ,하얼빈,소설,김훈,9.8,"14,400원",2022년08월03일,,1,9788932474755 ,헤어질 결심 각본,예술,박찬욱,9.9,"13,500원",2022년 08월 05일,,1,791168412477 ,흔한남매 11,국내도서,"흔한남매,백난도",/,"13,050원",2022년 07월 28일,,1,9788954699914 ,하얼빈,소설/시/희곡,김훈,8.6,"14,400원",2022-08-03
2,9791161571379 ,불편한 편의점 2(단풍 에디션),소설,김호연,9.8,"12,600원",2022년08월10일,,2,9788901260716 ,역행자,자기계발,자청,9.3,"15,750원",2022년 05월 30일,,2,788954699914 ,하얼빈,국내도서,김훈,/,"14,400원",2022년 08월 03일,,2,9791161571379 ,불편한 편의점 2,소설/시/희곡,김호연,9.2,"12,600원",2022-08-10
3,9791168412477 ,흔한남매 11,어린이(초등),흔한남매,9.9,"13,050원",2022년07월28일,,3,9791161571188 ,불편한 편의점,소설/시/희곡,김호연,9.2,"12,600원",2021년 04월 20일,,3,791161571188 ,불편한 편의점(벚꽃 에디션),국내도서,김호연,/,"12,600원",2021년 04월 20일,,3,9788932474755 ,헤어질 결심 각본,예술/대중문화,박찬욱,9.9,"13,500원",2022-08-05
4,9791161571188 ,불편한 편의점(벚꽃 에디션),소설,김호연,9.8,"12,600원",2021년04월20일,,4,9791164064410 ,이상한 과자 가게 전천당 15,어린이,히로시마 레이코,9.9,"11,700원",2022년 07월 11일,,4,791161571379 ,불편한 편의점2(단풍 에디션),국내도서,김호연,/,"12,600원",2022년 08월 10일,,4,9791168340541 ,파친코 2,소설/시/희곡,이민진,9.4,"14,220원",2022-08-25
5,9791168340510 ,파친코 1,소설,이민진,9.8,"14,220원",2022년08월05일,,5,9791157062645 ,계속 가보겠습니다,사회 정치,임은정,9.5,"16,200원",2022년 07월 22일,,5,788901260716 ,역행자,국내도서,자청,/,"15,750원",2022년 05월 30일,,5,9791168340510 ,파친코 1,소설/시/희곡,이민진,9.4,"14,220원",2022-07-27
6,9788932474755 ,헤어질 결심 각본,예술/대중문화,정서경,9.8,"13,500원",2022년08월05일,,6,9791130692074 ,입지 센스,경제 경영,박성혜(훨훨),9.8,"18,000원",2022년 07월 11일,,6,791191043754 ,세상의 마지막 기차역-리커버 에디션,국내도서,무라세다케시,/,"12,600원",2022년 05월 11일,,6,9791157062645 ,계속 가보겠습니다,사회과학,임은정,9.7,"16,200원",2022-07-22
7,9791191043754 ,세상의 마지막 기차역(리커버 에디션),소설,무라세 다케시,9.7,"12,600원",2022년05월09일,,7,9791191114225 ,작별인사,소설/시/희곡,김영하,9.2,"12,600원",2022년 09월 05일,,7,791168340510 ,파친코 1-개정판,국내도서,이민진,/,"14,220원",2022년 07월 27일,,7,9791161571188 ,불편한 편의점 (벚꽃 에디션),소설/시/희곡,김호연,8.4,"12,600원",2021-04-20
8,9791196617127 ,기분을 관리하면 인생이 관리된다,시/에세이,김다슬,9.4,"15,840원",2022년04월12일,,8,9791168412477 ,흔한남매 11,어린이,흔한남매,9.8,"13,050원",2022년 07월 28일,,8,791133463817 ,포켓몬스터 썬&문 포켓몬 전국대도감,국내도서,편집부,/,"8,550원",2017년 10월 20일,,8,9788934942382 ,이상한 변호사 우영우 1,예술/대중문화,문지원,9.5,"17,820원",2022-09-15
9,9791157062645 ,계속 가보겠습니다,정치/사회,임은정,9.8,"16,200원",2022년07월22일,,9,9791196617127 ,기분을 관리하면 인생이 관리된다,에세이,김다슬,9.2,"15,840원",2022년 04월 12일,,9,791191043761 ,멘탈을 바꿔야 인생이 바뀐다(10만부 리커버),국내도서,박세니,/,"15,120원",2023년 05월 15일,,9,9788934942399 ,이상한 변호사 우영우 2,예술/대중문화,문지원,9.8,"17,820원",2022-09-15
10,9788956608075 ,삶의 격,인문,페터 비에리,9.6,"14,400원",2014년10월29일,,10,9788950903138 ,마법천자문 53 ,어린이,유대영,10,"12,600원",2022년 07월 12일,,10,791197377143 ,어서 오세요 휴남동 서점입니다 (봄꽃 에디션),국내도서,황보름,/,"13,500원",2022년 01월 17일,,10,9791138433389 ,야쿠자의 덕질 1,만화,야츠다 테키,9.4,"5,400원",2022-08-12
11,9791158883591 ,부자 아빠 가난한 아빠 1(20주년 특별 기념판),경제/경영,로버트 기요사키,9.7,"15,300원",2022년10월28일,,11,9791197377143 ,"어서 오세요, 휴남동 서점입니다",소설/시/희곡,황보름,9.2,"13,500원",2022년 01월 17일,,11,791191043297 ,오늘 밤 세계에서 이 사랑이 사라진다 해도,국내도서,이치조미사키,/,"12,600원",2021년 06월 28일,,11,9791168412477 ,흔한남매 11,어린이,흔한남매,10,"13,050원",2022-07-28
12,9788972773641 ,호감 가는 말투에는 비밀이 있다,자기계발,장신웨,9.7,"15,120원",2022년08월11일,,12,9791168340510 ,파친코 1,소설/시/희곡,이민진,9.6,"14,220원",2022년 07월 27일,,12,791158883591 ,부자아빠 가난한 아빠 1(20주년 특별 기념판),국내도서,로버트기요사키,/,"15,300원",2018년 02월 22일,,12,9788917238549 ,ETS 토익 정기시험 기출문제집 1000 Vol. 3 Reading (리딩),외국어,ETS,9.7,"16,020원",2021-12-13
13,9791197377143 ,"어서 오세요, 휴남동 서점입니다",소설,황보름,9.7,"13,500원",2022년01월17일,,13,9788965137702 ,유럽 도시 기행 2,역사,유시민,9.6,"15,750원",2022년 07월 09일,,13,791168412248 ,흔한남매 이상한 나라의 고전 읽기 1 - 춘향전 토끼전 옹고집전,국내도서,"흔한남매(원작),최재훈",/,"12,600원",2022년 06월 28일,,13,9791136738592 ,명탐정 코난 101,만화,아오야마 고쇼,9.7,"4,950원",2022-08-25
14,9788997575169 ,원씽(The One Thing)(리커버 특별판),자기계발,게리 켈러,9.7,"12,600원",2013년08월30일,,14,9791191043754 ,세상의 마지막 기차역,소설/시/희곡,무라세 다케시,9.6,"12,600원",2022년 05월 11일,,14,791168412279 ,에그박사 7,국내도서,"에그박사,박송이",/,"13,050원",2022년 06월 15일,,14,9788917238532 ,ETS 토익 정기시험 기출문제집 1000 Vol. 3 Listening (리스닝),외국어,ETS,7.5,"16,020원",2021-12-13
15,9791162540633 ,그릿(50만부 판매 기념 리커버 골드에디션),자기계발,앤절라 더크워스,9.6,"16,200원",2022년12월19일,,15,9791190977661 ,[예스리커버] 인플레이션에서 살아남기,경제 경영,오건영,9.6,"16,920원",2022년 05월 23일,,15,791191114225 ,작별인사,국내도서,김영하,/,"12,600원",2022년 05월 02일,,15,9791160408331 ,트로피컬 나이트,소설/시/희곡,조예은,9.2,"13,500원",2022-08-17
16,9791191347975 ,우리는 어디서 살아야 하는가,경제/경영,김시덕,9.4,"16,200원",2022년07월20일,,16,9791168412279 ,에그박사 7 ,어린이,에그박사,9.9,"13,050원",2022년 06월 15일,,16,791191043976 ,오늘 밤 세계에서 이 눈물이 사라진다 해도,국내도서,이치조 미사키,/,"12,600원",2022년 07월 28일,,16,9788936434625 ,튜브,소설/시/희곡,손원평,9.2,"13,500원",2022-07-22
17,9788934961574 ,눈물 한 방울,인문,이어령,9.8,"14,220원",2022년06월30일,,17,9791189327156 ,물고기는 존재하지 않는다,자연과학,룰루 밀러,9,"15,300원",2021년 12월 17일,,17,791168411685 ,흔한남매 10,국내도서,"흔한남매,백난도",/,"12,150원",2022년 04월 28일,,17,9791187011590 ,데미안 (오리지널 초판본 표지디자인),소설/시/희곡,헤르만 헤세,9.8,"2,970원",2017-01-01
18,9791191114225 ,작별인사,소설,김영하,9.6,"12,600원",2022년05월02일,,18,9788965422785 ,해커스 토익 기출  VOCA 보카,국어 외국어 사전,데이비드 조,9.6,"11,610원",2020년 03월 05일,,18,791191043723 ,어느 날 내 죽음에 네가 들어왔다,국내도서,세이카료겐,/,"13,500원",2022년 05월 09일,,18,9788956608075 ,삶의 격,인문학,파스칼 메르시어,8.9,"14,400원",2014-10-17
19,9791191043976 ,"오늘 밤, 세계에서 이 눈물이 사라진다 해도",소설,이치조 미사키,9.7,"12,600원",2022년07월28일,,19,9788917238549 ,ETS 토익 정기시험 기출문제집 1000 Vol.3 READING 리딩 ,국어 외국어 사전,ETS,9.8,"16,020원",2021년 12월 13일,,19,788950903138 ,마법천자문 53-결정을 내려라 결단할 결,국내도서,유대영,/,"12,600원",2022년 07월 12일,,19,9791169271653 ,도쿄 리벤저스 27,만화,와쿠이 켄,10,"5,400원",2022-08-12
20,9791187142560 ,데일 카네기 인간관계론,자기계발,데일 카네기,9.7,"10,350원",2019년10월07일,,20,9788917238532 ,ETS 토익 정기시험 기출문제집 1000 Vol.3 LISTENING 리스닝  ,국어 외국어 사전,ETS,9.6,"16,020원",2021년 12월 13일,,20,791168340541 ,파친코 2-개정판,국내도서,이민진,/,"14,220원",2022년 08월 25일,,20,K812838531,괴수 8호 7 (일러스트 카드 2종 + 스페셜 일러스트 카드 포함 특장판),만화,마츠모토 나오야,9.7,"5,400원",2022-08-30
2022년09월,,,,,,,,,2022년9월,,,,,,,,,2022년 9월,,,,,,,,,2022년9월,,,,,,,
1,9788954699914 ,하얼빈,소설,김훈,9.8,"14,400원",2022년08월03일,,1,9788954699914 ,하얼빈,소설/시/희곡,김훈,9.4,"14,400원",2022년 08월 03일,,1,788954699914 ,하얼빈,국내도서,김훈,/,"14,400원",2022년 08월 03일,,1,9791140410552 ,데뷔 못 하면 죽는 병 걸림 1부 초판 한정 굿즈박스 세트,소설/시/희곡,백덕수,9.6,"85,500원",2022-12-08
2,9791161571379 ,불편한 편의점 2(단풍 에디션),소설,김호연,9.8,"12,600원",2022년08월10일,,2,9791161571379 ,불편한 편의점 2,소설/시/희곡,김호연,9.2,"12,600원",2022년 08월 10일,,2,791161571379 ,불편한 편의점2(단풍 에디션),국내도서,김호연,/,"12,600원",2022년 08월 10일,,2,9788954699914 ,하얼빈,소설/시/희곡,김훈,8.6,"14,400원",2022-08-03
3,9791161571188 ,불편한 편의점(벚꽃 에디션),소설,김호연,9.8,"12,600원",2021년04월20일,,3,9788901260716 ,역행자,자기계발,자청,9.3,"15,750원",2022년 05월 30일,,3,791161571188 ,불편한 편의점(벚꽃 에디션),국내도서,김호연,/,"12,600원",2021년 04월 20일,,3,9788936438838 ,아버지의 해방일지,소설/시/희곡,정지아,9.4,"13,500원",2022-09-02
4,9791168340541 ,파친코 2,소설,이민진,9.8,"14,220원",2022년08월25일,,4,9791168412477 ,흔한남매 11,어린이,흔한남매,9.8,"13,050원",2022년 07월 28일,,4,788901260716 ,역행자,국내도서,자청,/,"15,750원",2022년 05월 30일,,4,9791161571379 ,불편한 편의점 2,소설/시/희곡,김호연,9.2,"12,600원",2022-08-10
5,9788997575169 ,원씽(The One Thing)(리커버 특별판),자기계발,게리 켈러,9.7,"12,600원",2013년08월30일,,5,9788932474755 ,헤어질 결심 각본,예술,박찬욱,9.9,"13,500원",2022년 08월 05일,,5,791168412477 ,흔한남매 11,국내도서,"흔한남매,백난도",/,"13,050원",2022년 07월 28일,,5,9788932040448 ,나는 오래된 거리처럼 너를 사랑하고,소설/시/희곡,진은영,9.4,"10,800원",2022-08-31
6,9791191891201 ,잘될 수밖에 없는 너에게(10만부 기념 응원 에디션),시/에세이,최서영,9.4,"14,400원",2022년08월18일,,6,9791161571188 ,불편한 편의점,소설/시/희곡,김호연,9.2,"12,600원",2021년 04월 20일,,6,791191043754 ,세상의 마지막 기차역-리커버 에디션,국내도서,무라세다케시,/,"12,600원",2022년 05월 11일,,6,9791140410507 ,데뷔 못 하면 죽는 병 걸림 1부 초판 양장본 세트 - 전2권,소설/시/희곡,백덕수,9.9,"27,000원",2022-12-08
7,9791191043754 ,세상의 마지막 기차역(리커버 에디션),소설,무라세 다케시,9.7,"12,600원",2022년05월09일,,7,9791157062645 ,계속 가보겠습니다,사회 정치,임은정,9.5,"16,200원",2022년 07월 22일,,7,791168340510 ,파친코 1-개정판,국내도서,이민진,/,"14,220원",2022년 07월 27일,,7,9791168340541 ,파친코 2,소설/시/희곡,이민진,9.4,"14,220원",2022-08-25
8,9791168412477 ,흔한남매 11,어린이(초등),흔한남매,9.9,"13,050원",2022년07월28일,,8,9791168340541 ,파친코 2,소설/시/희곡,이민진,9.6,"14,220원",2022년 08월 25일,,8,791168340541 ,파친코 2-개정판,국내도서,이민진,/,"14,220원",2022년 08월 25일,,8,9791168340510 ,파친코 1,소설/시/희곡,이민진,9.4,"14,220원",2022-07-27
9,9791196617127 ,기분을 관리하면 인생이 관리된다,시/에세이,김다슬,9.4,"15,840원",2022년04월12일,,9,9791168340510 ,파친코 1,소설/시/희곡,이민진,9.6,"14,220원",2022년 07월 27일,,9,791133463817 ,포켓몬스터 썬&문 포켓몬 전국대도감,국내도서,편집부,/,"8,550원",2017년 10월 20일,,9,9791161571188 ,불편한 편의점 (벚꽃 에디션),소설/시/희곡,김호연,8.4,"12,600원",2021-04-20
10,9791158883591 ,부자 아빠 가난한 아빠 1(20주년 특별 기념판),경제/경영,로버트 기요사키,9.7,"15,300원",2022년10월28일,,10,9791130677774 ,웰씽킹 WEALTHINKING,자기계발,켈리 최,9.4,"14,400원",2021년 11월 10일,,10,788997575169 ,원씽(THE ONE THING)(리커버 특별판),국내도서,"게리켈러,제이파파산",/,"12,600원",2017년 10월 25일,,10,9791136755780 ,얼굴만으론 좋아할 수 없어요 5,만화,안자이 카린,9.8,"4,950원",2022-09-30
11,9791162540633 ,그릿(50만부 판매 기념 리커버 골드에디션),자기계발,앤절라 더크워스,9.6,"16,200원",2022년12월19일,,11,9791191043754 ,세상의 마지막 기차역,소설/시/희곡,무라세 다케시,9.6,"12,600원",2022년 05월 11일,,11,791191043761 ,멘탈을 바꿔야 인생이 바뀐다(10만부 리커버),국내도서,박세니,/,"15,120원",2023년 05월 15일,,11,K172839306,도쿄 에일리언즈 4 (초판 한정 홀로그램 양면 일러스트 카드 + 선착순 한정 아크릴 일러스트 카드 포함 특장판),만화,NAOE,10,"4,500원",2022-10-25
12,9788934942405 ,최소한의 이웃,시/에세이,허지웅,9.6,"14,220원",2022년08월22일,,12,9791158883591 ,부자 아빠 가난한 아빠 20주년 특별 기념판,경제 경영,로버트 기요사키,9.4,"15,300원",2018년 02월 22일,,12,788964964767 ,오싹오싹 크레용(토토의 그림책),국내도서,에런레이놀즈,/,"11,700원",2022년 08월 23일,,12,9788932474755 ,헤어질 결심 각본,예술/대중문화,박찬욱,9.9,"13,500원",2022-08-05
13,9788936438838 ,아버지의 해방일지,소설,정지아,9.9,"13,500원",2022년09월02일,,13,9791197825996 ,오늘도 취향을 요리합니다,에세이,박미셸(it’s Michelle),9.6,"13,500원",2022년 08월 19일,,13,791168412620 ,민쩌미 코디북 1 - 잘생긴 전학생의 등장,국내도서,민쩌미,/,"12,150원",2022년 08월 30일,,13,9788901260716 ,역행자,자기계발,자청,7.4,"15,750원",2022-06-03
14,9791191496604 ,설민석의 한국사 대모험 22,어린이(초등),설민석,9.9,"11,700원",2022년08월29일,,14,9791197377143 ,"어서 오세요, 휴남동 서점입니다",소설/시/희곡,황보름,9.2,"13,500원",2022년 01월 17일,,14,791158883591 ,부자아빠 가난한 아빠 1(20주년 특별 기념판),국내도서,로버트기요사키,/,"15,300원",2018년 02월 22일,,14,9791197977008 ,문장과 순간,에세이,박웅현,8.3,"16,200원",2022-09-26
15,9791140700998 ,믹스(Mix),경제/경영,안성은(Brand Boy),9.6,"16,920원",2022년08월16일,,15,9791162540633 ,그릿 (50만 부 판매 기념 리커버 골드에디션),자기계발,앤절라 더크워스,8.9,"16,200원",2019년 02월 20일,,15,791191496604 ,설민석의 한국사 대모험 22,국내도서,"설민석,스토리박스",/,"11,700원",2022년 08월 29일,,15,9791191496604 ,설민석의 한국사 대모험 22,어린이,설민석,10,"11,700원",2022-08-29
16,9788964964767 ,오싹오싹 크레용!,유아(0~7세),에런 레이놀즈,9.9,"11,700원",2022년08월23일,,16,9791196617127 ,기분을 관리하면 인생이 관리된다,에세이,김다슬,9.2,"15,840원",2022년 04월 12일,,16,788950922955 ,마법천자문54-처음으로 찾아내다,국내도서,유대영,/,"12,600원",2022년 08월 29일,,16,9788934942405 ,최소한의 이웃,에세이,허지웅,9.5,"14,220원",2022-08-22
17,9791187142560 ,데일 카네기 인간관계론,자기계발,데일 카네기,9.7,"10,350원",2019년10월07일,,17,9791191114225 ,작별인사,소설/시/희곡,김영하,9.2,"12,600원",2022년 09월 05일,,17,791191891201 ,잘될 수밖에 없는 너에게-10만부 기념 응원 에디션,국내도서,최서영,/,"14,400원",2022년 08월 18일,,17,9788917238549 ,ETS 토익 정기시험 기출문제집 1000 Vol. 3 Reading (리딩),외국어,ETS,9.7,"16,020원",2021-12-13
18,9788950922955 ,마법천자문 54: 처음으로 찾아내다! 발견,어린이(초등),유대영,9.9,"12,600원",2022년08월29일,,18,9788997575169 ,원씽 THE ONE THING,자기계발,게리 켈러,9.1,"12,600원",2013년 08월 30일,,18,791197377143 ,어서 오세요 휴남동 서점입니다 (봄꽃 에디션),국내도서,황보름,/,"13,500원",2022년 01월 17일,,18,9791191825145 ,위로의 미술관,예술/대중문화,진병관,9.6,"16,920원",2022-08-31
19,9791191114225 ,작별인사,소설,김영하,9.6,"12,600원",2022년05월02일,,19,9791130633619 ,부자의 그릇,경제 경영,이즈미 마사토,9.4,"13,500원",2020년 12월 14일,,19,791191114225 ,작별인사,국내도서,김영하,/,"12,600원",2022년 05월 02일,,19,9788917238532 ,ETS 토익 정기시험 기출문제집 1000 Vol. 3 Listening (리스닝),외국어,ETS,7.5,"16,020원",2021-12-13
20,9791165346010 ,언어를 디자인하라,자기계발,유영만,9.8,"15,300원",2022년08월31일,,20,9788917238549 ,ETS 토익 정기시험 기출문제집 1000 Vol.3 READING 리딩 ,국어 외국어 사전,ETS,9.8,"16,020원",2021년 12월 13일,,20,791158682446 ,읽으면서 바로 써먹는 어린이 수수께끼 : 공포 특급 (맛있는 공부 49),국내도서,한날,/,"11,700원",2022년 07월 25일,,20,9788997575169 ,원씽 The One Thing (리커버 특별판),자기계발,게리 켈러,8.5,"12,600원",2013-08-20
2022년10월,,,,,,,,,2022년10월,,,,,,,,,2022년 10월,,,,,,,,,2022년10월,,,,,,,
1,9788959897094 ,트렌드 코리아 2023,경제/경영,김난도,9.5,"17,100원",2022년10월05일,,1,9788901260716 ,역행자,자기계발,자청,9.3,"15,750원",2022년 05월 30일,,1,788959897094 ,트렌드 코리아 2023 -서울대 소비트렌드 분석센터의 2023 전망,국내도서,"김난도,전미영,최지혜,이수진,권정윤,이준영,이향은,한다혜,이혜원,추예린",/,"17,100원",2022년 10월 05일,,1,9788959897094 ,트렌드 코리아 2023,경제경영,김난도,8.1,"17,100원",2022-10-05
2,9788954699914 ,하얼빈,소설,김훈,9.8,"14,400원",2022년08월03일,,2,9788954699914 ,하얼빈,소설/시/희곡,김훈,9.4,"14,400원",2022년 08월 03일,,2,791161571188 ,불편한 편의점(벚꽃 에디션),국내도서,김호연,/,"12,600원",2021년 04월 20일,,2,9788936438838 ,아버지의 해방일지,소설/시/희곡,정지아,9.4,"13,500원",2022-09-02
3,9788936438838 ,아버지의 해방일지,소설,정지아,9.9,"13,500원",2022년09월02일,,3,9791161571379 ,불편한 편의점 2,소설/시/희곡,김호연,9.2,"12,600원",2022년 08월 10일,,3,788954699914 ,하얼빈,국내도서,김훈,/,"14,400원",2022년 08월 03일,,3,K382839443,주술회전 20 (초판한정 사멸회유 특제 미니 L홀더 + 선착순 한정 이타도리 유지 포토 카드 포함 특장판),만화,아쿠타미 게게,10,"5,400원",2022-10-26
4,9791161571188 ,불편한 편의점(벚꽃 에디션),소설,김호연,9.8,"12,600원",2021년04월20일,,4,9788936438838 ,아버지의 해방일지,소설/시/희곡,정지아,9.6,"13,500원",2022년 09월 02일,,4,791161571379 ,불편한 편의점2(단풍 에디션),국내도서,김호연,/,"12,600원",2022년 08월 10일,,4,9788932474786 ,헤어질 결심 스토리보드북,예술/대중문화,이윤호,9.1,"29,700원",2022-10-20
5,9791161571379 ,불편한 편의점 2(단풍 에디션),소설,김호연,9.8,"12,600원",2022년08월10일,,5,9791191496604 ,설민석의 한국사 대모험 22,어린이,설민석,10,"11,700원",2022년 08월 29일,,5,791191043754 ,세상의 마지막 기차역-리커버 에디션,국내도서,무라세다케시,/,"12,600원",2022년 05월 11일,,5,9788954680004 ,이토록 평범한 미래,소설/시/희곡,김연수,9,"12,600원",2022-10-07
6,9791192300245 ,마흔에 읽는 니체(10만 부 양장 리커버 에디션),인문,장재형,9.7,"14,400원",2022년09월01일,,6,9791140410552 ,데뷔 못 하면 죽는 병 걸림 1부 초판 한정 굿즈박스 세트,소설/시/희곡,백덕수,9.8,"85,500원",2022년 12월 08일,,6,788901260716 ,역행자,국내도서,자청,/,"15,750원",2022년 05월 30일,,6,9791191859379 ,인생의 역사,에세이,신형철,9.7,"16,200원",2022-10-31
7,9791191891201 ,잘될 수밖에 없는 너에게(10만부 기념 응원 에디션),시/에세이,최서영,9.4,"14,400원",2022년08월18일,,7,9788997575169 ,원씽 THE ONE THING,자기계발,게리 켈러,9.1,"12,600원",2013년 08월 30일,,7,788997575169 ,원씽(THE ONE THING)(리커버 특별판),국내도서,"게리켈러,제이파파산",/,"12,600원",2017년 10월 25일,,7,9788950941819 ,세상에서 가장 쉬운 본질육아,좋은부모,지나영,9.8,"16,920원",2022-09-28
8,9791191043754 ,세상의 마지막 기차역(리커버 에디션),소설,무라세 다케시,9.7,"12,600원",2022년05월09일,,8,9791161571188 ,불편한 편의점,소설/시/희곡,김호연,9.2,"12,600원",2021년 04월 20일,,8,791168412477 ,흔한남매 11,국내도서,"흔한남매,백난도",/,"13,050원",2022년 07월 28일,,8,9788954699914 ,하얼빈,소설/시/희곡,김훈,8.6,"14,400원",2022-08-03
9,9788997575169 ,원씽(The One Thing)(리커버 특별판),자기계발,게리 켈러,9.7,"12,600원",2013년08월30일,,9,9791162540633 ,그릿 (50만 부 판매 기념 리커버 골드에디션),자기계발,앤절라 더크워스,8.9,"16,200원",2019년 02월 20일,,9,791168413931 ,흔한남매의 흔한 호기심 7,국내도서,"흔한남매,안치현",/,"12,600원",2022년 10월 12일,,9,9791169441315 ,원피스 103,만화,오다 에이치로,9.5,"4,950원",2022-10-28
10,9791168340510 ,파친코 1,소설,이민진,9.8,"14,220원",2022년08월05일,,10,9791158883591 ,부자 아빠 가난한 아빠 20주년 특별 기념판,경제 경영,로버트 기요사키,9.4,"15,300원",2018년 02월 22일,,10,791191891201 ,잘될 수밖에 없는 너에게-10만부 기념 응원 에디션,국내도서,최서영,/,"14,400원",2022년 08월 18일,,10,9788901260716 ,역행자,자기계발,자청,7.4,"15,750원",2022-06-03
11,9788950941819 ,세상에서 가장 쉬운 본질육아,가정/육아,지나영,9.8,"16,920원",2022년09월28일,,11,9791168270749 ,엄마의 말 연습 ,가정 살림,윤지영,9.8,"15,750원",2022년 09월 22일,,11,788936438838 ,아버지의 해방일지,국내도서,정지아,/,"13,500원",2022년 09월 02일,,11,9791130626659 ,올리버쌤의 미국식 아이 영어 습관 365,좋은부모,올리버 샨 그랜트,9.8,"20,700원",2022-10-06
12,9791158883591 ,부자 아빠 가난한 아빠 1(20주년 특별 기념판),경제/경영,로버트 기요사키,9.7,"15,300원",2022년10월28일,,12,9788950922955 ,마법천자문 54,어린이,유대영,9.6,"12,600원",2022년 08월 29일,,12,791168340510 ,파친코 1-개정판,국내도서,이민진,/,"14,220원",2022년 07월 27일,,12,9791169277068 ,도쿄 리벤저스 28,만화,와쿠이 켄,9.2,"5,400원",2022-10-20
13,9788954619585 ,단순한 열정,소설,아니 에르노,9.5,"9,000원",2015년03월30일,,13,9791191043754 ,세상의 마지막 기차역,소설/시/희곡,무라세 다케시,9.6,"12,600원",2022년 05월 11일,,13,791133463817 ,포켓몬스터 썬&문 포켓몬 전국대도감,국내도서,편집부,/,"8,550원",2017년 10월 20일,,13,9788954619585 ,단순한 열정 (무선),소설/시/희곡,아니 에르노,8.1,"9,000원",2012-11-07
14,9791189686536 ,이 책은 돈 버는 법에 관한 이야기,경제/경영,고명환,9.8,"15,120원",2022년09월19일,,14,9791168340541 ,파친코 2,소설/시/희곡,이민진,9.6,"14,220원",2022년 08월 25일,,14,791158883591 ,부자아빠 가난한 아빠 1(20주년 특별 기념판),국내도서,로버트기요사키,/,"15,300원",2018년 02월 22일,,14,9791161571188 ,불편한 편의점 (벚꽃 에디션),소설/시/희곡,김호연,8.4,"12,600원",2021-04-20
15,9791187142560 ,데일 카네기 인간관계론,자기계발,데일 카네기,9.7,"10,350원",2019년10월07일,,15,9791168412477 ,흔한남매 11,어린이,흔한남매,9.8,"13,050원",2022년 07월 28일,,15,791169441315 ,원피스 103 - 해방의 전사,국내도서,오다에이치로,/,"4,950원",2022년 10월 25일,,15,9788954688796 ,가녀장의 시대,소설/시/희곡,이슬아,8.7,"13,500원",2022-10-07
16,9791158741686 ,"반짝이는 하루, 그게 오늘이야",자기계발,레슬리 마샹,9.8,"15,120원",2022년10월20일,,16,9791191114225 ,작별인사,소설/시/희곡,김영하,9.2,"12,600원",2022년 09월 05일,,16,791191043761 ,멘탈을 바꿔야 인생이 바뀐다(10만부 리커버),국내도서,박세니,/,"15,120원",2023년 05월 15일,,16,9791168340541 ,파친코 2,소설/시/희곡,이민진,9.4,"14,220원",2022-08-25
17,9788972773665 ,나는 나를 바꾸기로 했다,자기계발,우즈훙,9.8,"14,220원",2022년10월12일,,17,9791191891201 ,잘될 수밖에 없는 너에게,에세이,최서영,9.6,"14,400원",2022년 08월 18일,,17,791191043723 ,어느 날 내 죽음에 네가 들어왔다,국내도서,세이카료겐,/,"13,500원",2022년 05월 09일,,17,9791189327156 ,"물고기는 존재하지 않는다 (리커버 특별판, 양장)",과학,룰루 밀러,8.3,"15,300원",2021-12-17
18,9788998658335 ,사람을 얻는 지혜,자기계발,발타자르 그라시안,9.7,"12,420원",2016년03월07일,,18,9791157062645 ,계속 가보겠습니다,사회 정치,임은정,9.5,"16,200원",2022년 07월 22일,,18,791168340541 ,파친코 2-개정판,국내도서,이민진,/,"14,220원",2022년 08월 25일,,18,9788932040448 ,나는 오래된 거리처럼 너를 사랑하고,소설/시/희곡,진은영,9.4,"10,800원",2022-08-31
19,9791188331796 ,돈의 속성(300쇄 리커버에디션),경제/경영,김승호,9.7,"16,020원",2020년06월15일,,19,9788954677158 ,긴긴밤,어린이,루리,9.8,"10,350원",2021년 02월 03일,,19,788978496629 ,초역 니체의 말(3판),국내도서,"프리드리히 니체,시라토리 하루히코",/,"14,220원",2022년 08월 29일,,19,8809529013452 ,2023년 문재인 탁상 달력,건강/취미,더휴먼 편집부,10,"8,820원",2022-10-25
20,9791162540633 ,그릿(50만부 판매 기념 리커버 골드에디션),자기계발,앤절라 더크워스,9.6,"16,200원",2022년12월19일,,20,9791130692944 ,대출의 마법,경제 경영,레오(김은진),9.7,"18,000원",2022년 08월 26일,,20,791168412620 ,민쩌미 코디북 1 - 잘생긴 전학생의 등장,국내도서,민쩌미,/,"12,150원",2022년 08월 30일,,20,9791168340510 ,파친코 1,소설/시/희곡,이민진,9.4,"14,220원",2022-07-27
2022년11월,,,,,,,,,2022년11월,,,,,,,,,2022년 11월,,,,,,,,,2022년11월,,,,,,,
1,9788959897094 ,트렌드 코리아 2023,경제/경영,김난도,9.5,"17,100원",2022년10월05일,,1,9788959897094 ,트렌드 코리아 2023 ,경제 경영,김난도,9.3,"17,100원",2022년 10월 05일,,1,788959897094 ,트렌드 코리아 2023 -서울대 소비트렌드 분석센터의 2023 전망,국내도서,"김난도,전미영,최지혜,이수진,권정윤,이준영,이향은,한다혜,이혜원,추예린",/,"17,100원",2022년 10월 05일,,1,9788936438838 ,아버지의 해방일지,소설/시/희곡,정지아,9.4,"13,500원",2022-09-02
2,9788936438838 ,아버지의 해방일지,소설,정지아,9.9,"13,500원",2022년09월02일,,2,9788936438838 ,아버지의 해방일지,소설/시/희곡,정지아,9.6,"13,500원",2022년 09월 02일,,2,791161571188 ,불편한 편의점(벚꽃 에디션),국내도서,김호연,/,"12,600원",2021년 04월 20일,,2,9788959897094 ,트렌드 코리아 2023,경제경영,김난도,8.1,"17,100원",2022-10-05
3,9791161571188 ,불편한 편의점(벚꽃 에디션),소설,김호연,9.8,"12,600원",2021년04월20일,,3,9788954699914 ,하얼빈,소설/시/희곡,김훈,9.4,"14,400원",2022년 08월 03일,,3,791168414075 ,에그박사 8-자연 생물 관찰 만화,국내도서,"에그박사,박송이",/,"13,050원",2022년 11월 10일,,3,9788997780518 ,조국의 법고전 산책,인문학,조국,9.6,"19,800원",2022-11-09
4,9788997780518 ,조국의 법고전 산책,인문,조국,9.8,"19,800원",2022년11월09일,,4,9788901260716 ,역행자,자기계발,자청,9.3,"15,750원",2022년 05월 30일,,4,791161571379 ,불편한 편의점2(단풍 에디션),국내도서,김호연,/,"12,600원",2022년 08월 10일,,4,9791191859379 ,인생의 역사,에세이,신형철,9.7,"16,200원",2022-10-31
5,9791161571379 ,불편한 편의점 2(단풍 에디션),소설,김호연,9.8,"12,600원",2022년08월10일,,5,9788950941819 ,세상에서 가장 쉬운 본질육아 ,가정 살림,지나영,9.8,"16,920원",2022년 09월 28일,,5,791191043754 ,세상의 마지막 기차역-리커버 에디션,국내도서,무라세다케시,/,"12,600원",2022년 05월 11일,,5,8809477871913 ,멜로디 봉봉 : 크리스마스 캐럴,유아,김영아,9.2,"9,300원",2022-11-01
6,9788954699914 ,하얼빈,소설,김훈,9.8,"14,400원",2022년08월03일,,6,9791161571379 ,불편한 편의점 2,소설/시/희곡,김호연,9.2,"12,600원",2022년 08월 10일,,6,788901260716 ,역행자,국내도서,자청,/,"15,750원",2022년 05월 30일,,6,9791167070791 ,인생의 허무를 어떻게 할 것인가,인문학,김영민,8.5,"14,400원",2022-10-31
7,9791192300245 ,마흔에 읽는 니체(10만 부 양장 리커버 에디션),인문,장재형,9.7,"14,400원",2022년09월01일,,7,9791130626659 ,올리버쌤의 미국식 아이 영어 습관 365,가정 살림,올리버 샨 그랜트,10,"20,700원",2022년 10월 06일,,7,788954699914 ,하얼빈,국내도서,김훈,/,"14,400원",2022년 08월 03일,,7,9791161571379 ,불편한 편의점 2 (단풍 에디션),소설/시/희곡,김호연,9.2,"12,600원",2022-08-10
8,9791158741693 ,조금 서툴더라도 네 인생을 응원해,시/에세이,자회독서회,9.9,"15,120원",2022년11월20일,,8,9791161571188 ,불편한 편의점,소설/시/희곡,김호연,9.2,"12,600원",2021년 04월 20일,,8,788997575169 ,원씽(THE ONE THING)(리커버 특별판),국내도서,"게리켈러,제이파파산",/,"12,600원",2017년 10월 25일,,8,9791164064748 ,이상한 과자 가게 전천당 16,어린이,히로시마 레이코,9.9,"11,700원",2022-11-25
9,9791191043754 ,세상의 마지막 기차역(리커버 에디션),소설,무라세 다케시,9.7,"12,600원",2022년05월09일,,9,9791158883591 ,부자 아빠 가난한 아빠 20주년 특별 기념판,경제 경영,로버트 기요사키,9.4,"15,300원",2018년 02월 22일,,9,791168414471 ,흔한남매 12,국내도서,"흔한남매,백난도",/,"13,050원",2022년 11월 30일,,9,9791168414471 ,흔한남매 12,어린이,흔한남매,9.8,"13,050원",2022-11-30
10,9788997575169 ,원씽(The One Thing)(리커버 특별판),자기계발,게리 켈러,9.7,"12,600원",2013년08월30일,,10,9791191043754 ,세상의 마지막 기차역,소설/시/희곡,무라세 다케시,9.6,"12,600원",2022년 05월 11일,,10,788936438838 ,아버지의 해방일지,국내도서,정지아,/,"13,500원",2022년 09월 02일,,10,9791170522119 ,한계선을 넘다,예술/대중문화,크래프톤,9.8,"31,500원",2022-11-11
11,9791190538510 ,만일 내가 인생을 다시 산다면(30만 부 기념 리커버 에디션),인문,김혜남,9.7,"15,480원",2022년11월11일,,11,9791168413931 ,흔한남매의 흔한 호기심 7,어린이,흔한남매,10,"12,600원",2022년 10월 12일,,11,791168413931 ,흔한남매의 흔한 호기심 7,국내도서,"흔한남매,안치현",/,"12,600원",2022년 10월 12일,,11,9791138434911 ,야쿠자의 덕질 2,만화,야츠다 테키,9.6,"5,400원",2022-12-07
12,9788936479190 ,나의 문화유산답사기 11: 서울편(3),역사/문화,유홍준,9.8,"19,800원",2022년10월25일,,12,9791136757296 ,주술회전 20 일반판 ,만화/라이트노벨,아쿠타미 게게,9.7,"5,400원",2022년 10월 26일,,12,791169441315 ,원피스 103 - 해방의 전사,국내도서,오다에이치로,/,"4,950원",2022년 10월 25일,,12,9788954699914 ,하얼빈,소설/시/희곡,김훈,8.6,"14,400원",2022-08-03
13,9791168414075 ,에그박사 8,어린이(초등),박송이,9.9,"13,050원",2022년11월10일,,13,9791192625300 ,이은경쌤의 초등어휘일력 365 ,가정 살림,이은경,9.9,"16,920원",2022년 10월 28일,,13,788978496629 ,초역 니체의 말(3판),국내도서,"프리드리히 니체,시라토리 하루히코",/,"14,220원",2022년 08월 29일,,13,9791192625300 ,이은경쌤의 초등어휘일력 365 (스프링),좋은부모,이은경,9.7,"16,920원",2022-10-28
14,9791187142560 ,데일 카네기 인간관계론,자기계발,데일 카네기,9.7,"10,350원",2019년10월07일,,14,9791140701490 ,퀀트 투자 무작정 따라하기,경제 경영,강환국,9.6,"22,500원",2022년 10월 10일,,14,791192300245 ,마흔에 읽는 니체 - 지금 이 순간을 위한 철학 수업(10만 부 양장 리커버 에디션),국내도서,장재형,/,"14,400원",2022년 09월 01일,,14,9791161571188 ,불편한 편의점 (벚꽃 에디션),소설/시/희곡,김호연,8.4,"12,600원",2021-04-20
15,9791167070791 ,인생의 허무를 어떻게 할 것인가,인문,김영민,9.7,"14,400원",2022년10월31일,,15,9791189686536 ,[예스리커버] 이 책은 돈 버는 법에 관한 이야기 ,경제 경영,고명환,9.3,"15,120원",2022년 09월 19일,,15,791167732071 ,임용 면접레시피 기본서(2023대비),국내도서,"류은진, 양왕경, 이광한, 이지혜",/,"31,350원",2022년 10월 27일,,15,9788949162485 ,랑랑 형제 떡집,어린이,김리리,9.6,"9,900원",2022-10-26
16,9788954619585 ,단순한 열정,소설,아니 에르노,9.5,"9,000원",2015년03월30일,,16,9791191891201 ,잘될 수밖에 없는 너에게,에세이,최서영,9.6,"14,400원",2022년 08월 18일,,16,791164064748 ,이상한 과자 가게 전천당 16,국내도서,히로시마레이코,/,"11,700원",2022년 11월 25일,,16,9788901260716 ,역행자,자기계발,자청,7.4,"15,750원",2022-06-03
17,9791191891201 ,잘될 수밖에 없는 너에게(10만부 기념 응원 에디션),시/에세이,최서영,9.4,"14,400원",2022년08월18일,,17,9788998658335 ,사람을 얻는 지혜,자기계발,발타자르 그라시안,9.3,"12,420원",2016년 03월 07일,,17,791133463817 ,포켓몬스터 썬&문 포켓몬 전국대도감,국내도서,편집부,/,"8,550원",2017년 10월 20일,,17,9788936438869 ,아주 오랜만에 행복하다는 느낌,에세이,백수린,9.7,"12,600원",2022-10-14
18,9791168340510 ,파친코 1,소설,이민진,9.8,"14,220원",2022년08월05일,,18,9791192300245 ,마흔에 읽는 니체 (10만부 리커버 에디션),인문,장재형,9.2,"14,400원",2022년 09월 01일,,18,791168412477 ,흔한남매 11,국내도서,"흔한남매,백난도",/,"13,050원",2022년 07월 28일,,18,9791192300245 ,마흔에 읽는 니체,인문학,장재형,9.1,"14,400원",2022-09-01
19,9791169441315 ,원피스 103: 해방의 전사,만화,Eiichiro Oda,10,"4,950원",2022년10월31일,,19,9788997575169 ,원씽 THE ONE THING,자기계발,게리 켈러,9.1,"12,600원",2013년 08월 30일,,19,788934946793 ,흔한남매 과학 탐험대6-물리2,국내도서,"흔한남매,닥터스코,이현진",/,"12,600원",2022년 11월 22일,,19,9788934946793 ,흔한남매 과학 탐험대 6 : 물리 2,어린이,흔한남매,10,"12,600원",2022-11-22
20,9791158741709 ,나 혼자만 알고 싶은 실전 심리학,자기계발,왕리,9.5,"15,120원",2022년11월30일,,20,9791169441315 ,원피스 ONE PIECE 103,만화/라이트노벨,오다 에이이치로,9.6,"4,950원",2022년 10월 28일,,20,791168340510 ,파친코 1-개정판,국내도서,이민진,/,"14,220원",2022년 07월 27일,,20,9788936479190 ,나의 문화유산답사기 11 : 서울편 3,인문학,유홍준,9.6,"19,800원",2022-10-25
2022년12월,,,,,,,,,2022년12월,,,,,,,,,2022년 12월,,,,,,,,,2022년12월,,,,,,,
1,9788959897094 ,트렌드 코리아 2023,경제/경영,김난도,9.5,"17,100원",2022년10월05일,,1,9788959897094 ,트렌드 코리아 2023 ,경제 경영,김난도,9.3,"17,100원",2022년 10월 05일,,1,791168414471 ,흔한남매 12,국내도서,"흔한남매,백난도",/,"13,050원",2022년 11월 30일,,1,9791190538510 ,만일 내가 인생을 다시 산다면 (10만 부 기념 스페셜 에디션),인문학,김혜남,9.4,"15,480원",2022-11-11
2,9791190538510 ,만일 내가 인생을 다시 산다면(30만 부 기념 리커버 에디션),인문,김혜남,9.7,"15,480원",2022년11월11일,,2,9788901260716 ,역행자,자기계발,자청,9.3,"15,750원",2022년 05월 30일,,2,788959897094 ,트렌드 코리아 2023 -서울대 소비트렌드 분석센터의 2023 전망,국내도서,"김난도,전미영,최지혜,이수진,권정윤,이준영,이향은,한다혜,이혜원,추예린",/,"17,100원",2022년 10월 05일,,2,9788936438838 ,아버지의 해방일지,소설/시/희곡,정지아,9.4,"13,500원",2022-09-02
3,9791168414471 ,흔한남매 12,어린이(초등),흔한남매,9.9,"13,050원",2022년11월30일,,3,9788936438838 ,아버지의 해방일지,소설/시/희곡,정지아,9.6,"13,500원",2022년 09월 02일,,3,791191043297 ,오늘 밤 세계에서 이 사랑이 사라진다 해도,국내도서,이치조미사키,/,"12,600원",2021년 06월 28일,,3,9791130689890 ,내가 틀릴 수도 있습니다 (리커버),인문학,비욘 나티코 린데블라드,9.1,"14,400원",2022-04-18
4,9791161571188 ,불편한 편의점(벚꽃 에디션),소설,김호연,9.8,"12,600원",2021년04월20일,,4,9791161571379 ,불편한 편의점 2,소설/시/희곡,김호연,9.2,"12,600원",2022년 08월 10일,,4,791161571188 ,불편한 편의점(벚꽃 에디션),국내도서,김호연,/,"12,600원",2021년 04월 20일,,4,9791168414471 ,흔한남매 12,어린이,흔한남매,9.8,"13,050원",2022-11-30
5,9791191043297 ,"오늘 밤, 세계에서 이 사랑이 사라진다 해도",소설,이치조 미사키,9.5,"12,600원",2021년06월28일,,5,9788997780518 ,조국의 법고전 산책,인문,조국,9.7,"19,800원",2022년 11월 09일,,5,791161571379 ,불편한 편의점2(단풍 에디션),국내도서,김호연,/,"12,600원",2022년 08월 10일,,5,9788959897094 ,트렌드 코리아 2023,경제경영,김난도,8.1,"17,100원",2022-10-05
6,9791161571379 ,불편한 편의점 2(단풍 에디션),소설,김호연,9.8,"12,600원",2022년08월10일,,6,9791192625300 ,이은경쌤의 초등어휘일력 365 ,가정 살림,이은경,9.9,"16,920원",2022년 10월 28일,,6,791190538510 ,만일 내가 인생을 다시 산다면 (10만 부 기념 스페셜 에디션),국내도서,김혜남,/,"15,480원",2022년 11월 11일,,6,K522830559,주술회전 21 (초판한정 스페셜 일러스트 카드 + 선착순 한정 후시구로 메구미 포토 카드 포함 특장판),만화,아쿠타미 게게,9.8,"5,400원",2022-12-30
7,9788936438838 ,아버지의 해방일지,소설,정지아,9.9,"13,500원",2022년09월02일,,7,9791161571188 ,불편한 편의점,소설/시/희곡,김호연,9.2,"12,600원",2021년 04월 20일,,7,788997575169 ,원씽(THE ONE THING)(리커버 특별판),국내도서,"게리켈러,제이파파산",/,"12,600원",2017년 10월 25일,,7,9791169472807 ,스파이 패밀리 10,만화,엔도 타츠야,9.8,"5,400원",2022-12-20
8,9788997575169 ,원씽(The One Thing)(리커버 특별판),자기계발,게리 켈러,9.7,"12,600원",2013년08월30일,,8,9791165346485 ,천 원을 경영하라,경제 경영,박정부,9.7,"14,400원",2022년 12월 01일,,8,791191043754 ,세상의 마지막 기차역-리커버 에디션,국내도서,무라세다케시,/,"12,600원",2022년 05월 11일,,8,9791191043297 ,"오늘 밤, 세계에서 이 사랑이 사라진다 해도",소설/시/희곡,이치조 미사키,8.4,"12,600원",2021-06-21
9,9788954699914 ,하얼빈,소설,김훈,9.8,"14,400원",2022년08월03일,,9,9788954699914 ,하얼빈,소설/시/희곡,김훈,9.4,"14,400원",2022년 08월 03일,,9,788954699914 ,하얼빈,국내도서,김훈,/,"14,400원",2022년 08월 03일,,9,9791161571379 ,불편한 편의점 2 (단풍 에디션),소설/시/희곡,김호연,9.2,"12,600원",2022-08-10
10,9791191891232 ,머니 트렌드 2023,경제/경영,정태익,9.5,"17,100원",2022년11월15일,,10,9791168414471 ,흔한남매 12,어린이,흔한남매,9.8,"13,050원",2022년 11월 30일,,10,791191043976 ,오늘 밤 세계에서 이 눈물이 사라진다 해도,국내도서,이치조 미사키,/,"12,600원",2022년 07월 28일,,10,9791136760951 ,명탐정 코난 102,만화,아오야마 고쇼,9.1,"5,400원",2022-12-22
11,9791191043754 ,세상의 마지막 기차역(리커버 에디션),소설,무라세 다케시,9.7,"12,600원",2022년05월09일,,11,9788949162485 ,랑랑 형제 떡집,어린이,김리리,9.6,"9,900원",2022년 10월 26일,,11,788934946793 ,흔한남매 과학 탐험대6-물리2,국내도서,"흔한남매,닥터스코,이현진",/,"12,600원",2022년 11월 22일,,11,9791161571188 ,불편한 편의점 (벚꽃 에디션),소설/시/희곡,김호연,8.4,"12,600원",2021-04-20
12,9791192300245 ,마흔에 읽는 니체(10만 부 양장 리커버 에디션),인문,장재형,9.7,"14,400원",2022년09월01일,,12,9791168414075 ,에그박사 8,어린이,에그박사,10,"13,050원",2022년 11월 10일,,12,788901260716 ,역행자,국내도서,자청,/,"15,750원",2022년 05월 30일,,12,9791191859379 ,인생의 역사,에세이,신형철,9.7,"16,200원",2022-10-31
13,9791130689890 ,내가 틀릴 수도 있습니다,인문,비욘 나티코 린데블라드,9.6,"14,400원",2022년04월18일,,13,9788950941819 ,세상에서 가장 쉬운 본질육아 ,가정 살림,지나영,9.8,"16,920원",2022년 09월 28일,,13,788978496629 ,초역 니체의 말(3판),국내도서,"프리드리히 니체,시라토리 하루히코",/,"14,220원",2022년 08월 29일,,13,9791190382502 ,모든 것은 기본에서 시작한다,에세이,손웅정,9.4,"14,400원",2021-10-15
14,9791187142560 ,데일 카네기 인간관계론,자기계발,데일 카네기,9.7,"10,350원",2019년10월07일,,14,9791164064748 ,이상한 과자 가게 전천당 16,어린이,히로시마 레이코,9.8,"11,700원",2022년 11월 25일,,14,788936438838 ,아버지의 해방일지,국내도서,정지아,/,"13,500원",2022년 09월 02일,,14,9788960499751 ,거의 모든 일상 표현의 영어,외국어,케빈 강,9.6,"15,300원",2022-11-01
15,9791190382502 ,모든 것은 기본에서 시작한다,시/에세이,손웅정,9.8,"14,400원",2021년10월15일,,15,9791190538510 ,만일 내가 인생을 다시 산다면 (30만 부 기념 스페셜 에디션),인문,김혜남,9.6,"15,480원",2022년 11월 11일,,15,791168414075 ,에그박사 8-자연 생물 관찰 만화,국내도서,"에그박사,박송이",/,"13,050원",2022년 11월 10일,,15,9791136760937 ,명탐정 코난 : 제로의 일상 6,만화,아라이 타카히로,9.9,"5,400원",2022-12-22
16,9791165346485 ,천 원을 경영하라,경제/경영,박정부,9.8,"14,400원",2022년12월01일,,16,9788934946793 ,흔한남매 과학 탐험대 6 물리 2,어린이,흔한남매,9.8,"12,600원",2022년 11월 22일,,16,791192300245 ,마흔에 읽는 니체 - 지금 이 순간을 위한 철학 수업(10만 부 양장 리커버 에디션),국내도서,장재형,/,"14,400원",2022년 09월 01일,,16,9788936438890 ,크리스마스 타일,소설/시/희곡,김금희,9.3,"13,500원",2022-11-25
17,9791168340510 ,파친코 1,소설,이민진,9.8,"14,220원",2022년08월05일,,17,9788901264776 ,"우리, 편하게 말해요",자기계발,이금희,9.4,"15,300원",2022년 10월 21일,,17,791168340510 ,파친코 1-개정판,국내도서,이민진,/,"14,220원",2022년 07월 27일,,17,9791139708967 ,사람을 얻는 지혜 (국내 최초 스페인어 완역본),자기계발,발타자르 그라시안,9.5,"10,800원",2022-10-28
18,9791191043976 ,"오늘 밤, 세계에서 이 눈물이 사라진다 해도",소설,이치조 미사키,9.7,"12,600원",2022년07월28일,,18,9791192300245 ,마흔에 읽는 니체 (10만부 리커버 에디션),인문,장재형,9.2,"14,400원",2022년 09월 01일,,18,791191496642 ,설민석의 한국사 대모험 23,국내도서,"설민석,스토리박스",/,"11,700원",2022년 11월 28일,,18,9788997780518 ,조국의 법고전 산책,인문학,조국,9.6,"19,800원",2022-11-09
19,9788934946793 ,흔한남매 과학 탐험대 6: 물리 2,어린이(초등),흔한남매,9.9,"12,600원",2022년11월22일,,19,9791189686536 ,[예스리커버] 이 책은 돈 버는 법에 관한 이야기 ,경제 경영,고명환,9.3,"15,120원",2022년 09월 19일,,19,791190382502 ,모든 것은 기본에서 시작한다,국내도서,손웅정,/,"14,400원",2021년 10월 15일,,19,9791192107769 ,"밥 챙겨 먹어요, 행복하세요",요리/살림,마포농수산쎈타,9.8,"17,820원",2022-11-30
20,9791158883591 ,부자 아빠 가난한 아빠 1(20주년 특별 기념판),경제/경영,로버트 기요사키,9.7,"15,300원",2022년10월28일,,20,9788901265506 ,나의 월급 독립 프로젝트 (리마스터 에디션),경제 경영,유목민,9.6,"17,820원",2022년 10월 28일,,20,791188331796 ,돈의 속성(300쇄 기념 에디션),국내도서,김승호,/,"16,020원",2020년 06월 15일,,20,9788954699914 ,하얼빈,소설/시/희곡,김훈,8.6,"14,400원",2022-08-03
2023년01월,,,,,,,,,2023년1월,,,,,,,,,2023년 1월,,,,,,,,,2023년1월,,,,,,,
1,9791190538510 ,만일 내가 인생을 다시 산다면(30만 부 기념 리커버 에디션),인문,김혜남,9.7,"15,480원",2022년11월11일,,1,9791190538510 ,만일 내가 인생을 다시 산다면 (30만 부 기념 스페셜 에디션),인문,김혜남,9.6,"15,480원",2022년 11월 11일,,1,791161571188 ,불편한 편의점(벚꽃 에디션),국내도서,김호연,/,"12,600원",2021년 04월 20일,,1,9791168473690 ,세이노의 가르침,자기계발,세이노(SayNo),8.6,"6,480원",2023-03-02
2,9788997575169 ,원씽(The One Thing)(리커버 특별판),자기계발,게리 켈러,9.7,"12,600원",2013년08월30일,,2,9788959897094 ,트렌드 코리아 2023 ,경제 경영,김난도,9.3,"17,100원",2022년 10월 05일,,2,788959897094 ,트렌드 코리아 2023 -서울대 소비트렌드 분석센터의 2023 전망,국내도서,"김난도,전미영,최지혜,이수진,권정윤,이준영,이향은,한다혜,이혜원,추예린",/,"17,100원",2022년 10월 05일,,2,9791169794930 ,슬램덩크 리소스-THE FIRST SLAM DUNK re:SOURCE,만화,이노우에 타케히코,9.5,"18,000원",2023-02-16
3,9788959897094 ,트렌드 코리아 2023,경제/경영,김난도,9.5,"17,100원",2022년10월05일,,3,9791168414471 ,흔한남매 12,어린이,흔한남매,9.8,"13,050원",2022년 11월 30일,,3,791191043297 ,오늘 밤 세계에서 이 사랑이 사라진다 해도,국내도서,이치조미사키,/,"12,600원",2021년 06월 28일,,3,9791169792974 ,슬램덩크 챔프,만화,이노우에 타케히코,9.4,"13,500원",2023-01-06
4,9791190382915 ,생에 감사해,시/에세이,김혜자,9.8,"15,300원",2022년12월22일,,4,9791161571379 ,불편한 편의점 2,소설/시/희곡,김호연,9.2,"12,600원",2022년 08월 10일,,4,788997575169 ,원씽(THE ONE THING)(리커버 특별판),국내도서,"게리켈러,제이파파산",/,"12,600원",2017년 10월 25일,,4,9791190382915 ,생에 감사해,에세이,김혜자,9.7,"15,300원",2022-12-22
5,9791161571188 ,불편한 편의점(벚꽃 에디션),소설,김호연,9.8,"12,600원",2021년04월20일,,5,9791161571188 ,불편한 편의점,소설/시/희곡,김호연,9.2,"12,600원",2021년 04월 20일,,5,791168414471 ,흔한남매 12,국내도서,"흔한남매,백난도",/,"13,050원",2022년 11월 30일,,5,9791130696393 ,스카이 버스,좋은부모,분당강쌤,9.6,"16,200원",2023-01-03
6,9791191043297 ,"오늘 밤, 세계에서 이 사랑이 사라진다 해도",소설,이치조 미사키,9.5,"12,600원",2021년06월28일,,6,9791130689890 ,내가 틀릴 수도 있습니다,인문,비욘 나티코 린데블라드,9.3,"14,400원",2022년 04월 18일,,6,791190538510 ,만일 내가 인생을 다시 산다면 (10만 부 기념 스페셜 에디션),국내도서,김혜남,/,"15,480원",2022년 11월 11일,,6,9791133487516 ,슬램덩크 신장재편판 1,만화,이노우에 타케히코,9.8,"6,300원",2018-08-23
7,9791161571379 ,불편한 편의점 2(단풍 에디션),소설,김호연,9.8,"12,600원",2022년08월10일,,7,9788936438838 ,아버지의 해방일지,소설/시/희곡,정지아,9.6,"13,500원",2022년 09월 02일,,7,791197647666 ,기분이 태도가 되지 말자,국내도서,김수현,/,"14,400원",2022년 11월 25일,,7,9788936438838 ,아버지의 해방일지,소설/시/희곡,정지아,9.4,"13,500원",2022-09-02
8,9788936438838 ,아버지의 해방일지,소설,정지아,9.9,"13,500원",2022년09월02일,,8,9791191043297 ,"오늘 밤, 세계에서 이 사랑이 사라진다 해도",소설/시/희곡,이치조 미사키,9.2,"12,600원",2021년 06월 28일,,8,791161571379 ,불편한 편의점2(단풍 에디션),국내도서,김호연,/,"12,600원",2022년 08월 10일,,8,9791133487523 ,슬램덩크 신장재편판 2,만화,이노우에 타케히코,9.2,"5,850원",2018-08-22
9,9791157062805 ,미스터 프레지던트,정치/사회,탁현민,9.8,"19,800원",2023년01월18일,,9,9788901260716 ,역행자,자기계발,자청,9.3,"15,750원",2022년 05월 30일,,9,791190382915 ,생에 감사해,국내도서,김혜자,/,"15,300원",2022년 12월 22일,,9,9791133487707 ,슬램덩크 신장재편판 20,만화,이노우에 타케히코,9.3,"6,300원",2018-11-14
10,9788954680004 ,이토록 평범한 미래,소설,김연수,9.6,"12,600원",2022년10월07일,,10,9791165346485 ,천 원을 경영하라,경제 경영,박정부,9.7,"14,400원",2022년 12월 01일,,10,788901260716 ,역행자,국내도서,자청,/,"15,750원",2022년 05월 30일,,10,9791133487691 ,슬램덩크 신장재편판 19,만화,이노우에 타케히코,10,"6,300원",2018-11-14
11,9791197647666 ,기분이 태도가 되지 말자,시/에세이,김수현,9.4,"14,400원",2022년11월25일,,11,9788954699914 ,하얼빈,소설/시/희곡,김훈,9.4,"14,400원",2022년 08월 03일,,11,791191043754 ,세상의 마지막 기차역-리커버 에디션,국내도서,무라세다케시,/,"12,600원",2022년 05월 11일,,11,9791133487530 ,슬램덩크 신장재편판 3,만화,이노우에 타케히코,10,"6,300원",2018-08-22
12,9791189327156 ,물고기는 존재하지 않는다,과학,룰루 밀러,9.5,"15,300원",2021년12월17일,,12,9791192625300 ,이은경쌤의 초등어휘일력 365 ,가정 살림,이은경,9.9,"16,920원",2022년 10월 28일,,12,791168414822 ,흔한남매의 흔한 호기심 8,국내도서,"흔한남매,안치현",/,"12,600원",2023년 01월 19일,,12,9791133487547 ,슬램덩크 신장재편판 4,만화,이노우에 타케히코,9.4,"6,300원",2018-08-22
13,9791168414471 ,흔한남매 12,어린이(초등),흔한남매,9.9,"13,050원",2022년11월30일,,13,9791191496642 ,설민석의 한국사 대모험 23 ,어린이,스토리박스,10,"11,700원",2022년 11월 28일,,13,791191043976 ,오늘 밤 세계에서 이 눈물이 사라진다 해도,국내도서,이치조 미사키,/,"12,600원",2022년 07월 28일,,13,9791133487554 ,슬램덩크 신장재편판 5,만화,이노우에 타케히코,10,"6,300원",2018-08-22
14,9788965422785 ,해커스 토익 기출보카 TOEIC VOCA(토익보카) 단어장,외국어,David Cho,9.7,"11,610원",2022년03월14일,,14,9788997575169 ,원씽 THE ONE THING,자기계발,게리 켈러,9.1,"12,600원",2013년 08월 30일,,14,788978496629 ,초역 니체의 말(3판),국내도서,"프리드리히 니체,시라토리 하루히코",/,"14,220원",2022년 08월 29일,,14,9791133487677 ,슬램덩크 신장재편판 17,만화,이노우에 타케히코,10,"6,300원",2018-11-14
15,9791169792974 ,슬램덩크 챔프,만화,Takehiko Inoue,9.9,"13,500원",2023년01월31일,,15,9791190382502 ,모든 것은 기본에서 시작한다,에세이,손웅정,9.7,"14,400원",2021년 10월 15일,,15,791169792974 ,슬램덩크 챔프,국내도서,이노우에타케히코,/,"13,500원",2023년 01월 06일,,15,9791133487684 ,슬램덩크 신장재편판 18,만화,이노우에 타케히코,10,"5,850원",2018-11-14
16,9791187142560 ,데일 카네기 인간관계론,자기계발,데일 카네기,9.7,"10,350원",2019년10월07일,,16,9791168340510 ,파친코 1,소설/시/희곡,이민진,9.6,"14,220원",2022년 07월 27일,,16,788936438838 ,아버지의 해방일지,국내도서,정지아,/,"13,500원",2022년 09월 02일,,16,9791133487660 ,슬램덩크 신장재편판 16,만화,이노우에 타케히코,10,"6,300원",2018-11-14
17,9791130689890 ,내가 틀릴 수도 있습니다,인문,비욘 나티코 린데블라드,9.6,"14,400원",2022년04월18일,,17,9791168340541 ,파친코 2,소설/시/희곡,이민진,9.6,"14,220원",2022년 08월 25일,,17,788954699914 ,하얼빈,국내도서,김훈,/,"14,400원",2022년 08월 03일,,17,9791133487561 ,슬램덩크 신장재편판 6,만화,이노우에 타케히코,9.8,"6,300원",2018-08-22
18,9791191891232 ,머니 트렌드 2023,경제/경영,정태익,9.5,"17,100원",2022년11월15일,,18,9791187142560 ,데일 카네기 인간관계론,자기계발,데일 카네기,9.5,"10,350원",2019년 10월 07일,,18,791188331796 ,돈의 속성(300쇄 기념 에디션),국내도서,김승호,/,"16,020원",2020년 06월 15일,,18,9791190538510 ,만일 내가 인생을 다시 산다면 (10만 부 기념 스페셜 에디션),인문학,김혜남,9.4,"15,480원",2022-11-11
19,9788954699914 ,하얼빈,소설,김훈,9.8,"14,400원",2022년08월03일,,19,9788934946793 ,흔한남매 과학 탐험대 6 물리 2,어린이,흔한남매,9.8,"12,600원",2022년 11월 22일,,19,788984374546 ,안젤리크,국내도서,기욤뮈소,/,"15,120원",2022년 12월 21일,,19,9791133487653 ,슬램덩크 신장재편판 15,만화,이노우에 타케히코,10,"6,750원",2018-11-14
20,9788984374546 ,안젤리크,소설,기욤 뮈소,9.5,"15,120원",2022년12월21일,,20,9791192300245 ,마흔에 읽는 니체 (10만부 리커버 에디션),인문,장재형,9.2,"14,400원",2022년 09월 01일,,20,788956608556 ,구의 증명(은행나무 노벨라 7),국내도서,최진영,/,"7,200원",2015년 03월 30일,,20,9791133487578 ,슬램덩크 신장재편판 7,만화,이노우에 타케히코,9.6,"6,750원",2018-09-18
2023년02월,,,,,,,,,2023년2월,,,,,,,,,2023년 2월,,,,,,,,,2023년2월,,,,,,,
1,9791168473690 ,세이노의 가르침,자기계발,세이노(SayNo),9.3,"6,480원",2023년03월02일,,1,9791190538510 ,만일 내가 인생을 다시 산다면 (30만 부 기념 스페셜 에디션),인문,김혜남,9.6,"15,480원",2022년 11월 11일,,1,791197647666 ,기분이 태도가 되지 말자,국내도서,김수현,/,"14,400원",2022년 11월 25일,,1,9791168473690 ,세이노의 가르침,자기계발,세이노(SayNo),8.6,"6,480원",2023-03-02
2,9791198013026 ,이미 늦었다고 생각하는 당신을 위한,자기계발,김미경,9.6,"16,200원",2023년02월15일,,2,9791130696393 ,스카이 버스,가정 살림,분당강쌤,9.8,"16,200원",2023년 01월 03일,,2,788997575169 ,원씽(THE ONE THING)(리커버 특별판),국내도서,"게리켈러,제이파파산",/,"12,600원",2017년 10월 25일,,2,9791169794930 ,슬램덩크 리소스-THE FIRST SLAM DUNK re:SOURCE,만화,이노우에 타케히코,9.5,"18,000원",2023-02-16
3,9788997575169 ,원씽(The One Thing)(리커버 특별판),자기계발,게리 켈러,9.7,"12,600원",2013년08월30일,,3,9791190382915 ,생에 감사해,에세이,김혜자,9.6,"15,300원",2022년 12월 22일,,3,791192504216 ,백앤아 1 - 미스터리 100층 감옥,국내도서,"백앤아(원작),안성훈",/,"13,500원",2023년 01월 27일,,3,9791198013026 ,김미경의 마흔 수업,자기계발,김미경,9.4,"16,200원",2023-02-15
4,9791190538510 ,만일 내가 인생을 다시 산다면(30만 부 기념 리커버 에디션),인문,김혜남,9.7,"15,480원",2022년11월11일,,4,9791161571188 ,불편한 편의점,소설/시/희곡,김호연,9.2,"12,600원",2021년 04월 20일,,4,791161571188 ,불편한 편의점(벚꽃 에디션),국내도서,김호연,/,"12,600원",2021년 04월 20일,,4,9791133487523 ,슬램덩크 신장재편판 2,만화,이노우에 타케히코,9.2,"5,850원",2018-08-22
5,9791161571188 ,불편한 편의점(벚꽃 에디션),소설,김호연,9.8,"12,600원",2021년04월20일,,5,9791161571379 ,불편한 편의점 2,소설/시/희곡,김호연,9.2,"12,600원",2022년 08월 10일,,5,788956608556 ,구의 증명(은행나무 노벨라 7),국내도서,최진영,/,"7,200원",2015년 03월 30일,,5,9791133487516 ,슬램덩크 신장재편판 1,만화,이노우에 타케히코,9.8,"6,300원",2018-08-23
6,9791169794930 ,슬램덩크 리소스(THE FIRST SLAM DUNK re:SOURCE),만화,이노우에 타케히코,9.9,"18,000원",2023년02월28일,,6,9788936438838 ,아버지의 해방일지,소설/시/희곡,정지아,9.6,"13,500원",2022년 09월 02일,,6,791191043297 ,오늘 밤 세계에서 이 사랑이 사라진다 해도,국내도서,이치조미사키,/,"12,600원",2021년 06월 28일,,6,9791133487530 ,슬램덩크 신장재편판 3,만화,이노우에 타케히코,10,"6,300원",2018-08-22
7,9791197647666 ,기분이 태도가 되지 말자,시/에세이,김수현,9.4,"14,400원",2022년11월25일,,7,9788997575169 ,원씽 THE ONE THING,자기계발,게리 켈러,9.1,"12,600원",2013년 08월 30일,,7,791161571379 ,불편한 편의점2(단풍 에디션),국내도서,김호연,/,"12,600원",2022년 08월 10일,,7,9791197389450 ,사이토 히토리의 1퍼센트 부자의 법칙,자기계발,사이토 히토리,8.9,"15,300원",2023-01-30
8,9791161571379 ,불편한 편의점 2(단풍 에디션),소설,김호연,9.8,"12,600원",2022년08월10일,,8,9791138911726 ,"2023 큰별쌤 최태성의 별별한국사 한국사능력검정시험 심화(1,2,3급) 상",수험서 자격증,최태성,10,"13,950원",2022년 12월 05일,,8,791168414921 ,흔한남매 수수께끼 어드벤처 2,국내도서,"흔한남매(원작),노지영(글)",/,"12,600원",2023년 02월 02일,,8,9791133487554 ,슬램덩크 신장재편판 5,만화,이노우에 타케히코,10,"6,300원",2018-08-22
9,9791133487516 ,슬램덩크 1: 강백호(신장재편판),만화,Takehiko Inoue,9.9,"6,300원",2018년08월31일,,9,9788959897094 ,트렌드 코리아 2023 ,경제 경영,김난도,9.3,"17,100원",2022년 10월 05일,,9,791169791526 ,원피스 104 - 와노쿠니 쇼군 코즈키 모모노스케,국내도서,"오다에이치로(원작),코지쇼헤이",/,"4,950원",2023년 02월 06일,,9,9791133487707 ,슬램덩크 신장재편판 20,만화,이노우에 타케히코,9.3,"6,300원",2018-11-14
10,9791191043297 ,"오늘 밤, 세계에서 이 사랑이 사라진다 해도",소설,이치조 미사키,9.5,"12,600원",2021년06월28일,,10,9791157062805 ,미스터 프레지던트,사회 정치,탁현민,9.8,"19,800원",2023년 01월 18일,,10,791169794930 ,슬램덩크 리소스-THE FIRST SLAM DUNK re:SOURCE,국내도서,이노우에 타케히코,/,"18,000원",2023년 02월 16일,,10,9791133487547 ,슬램덩크 신장재편판 4,만화,이노우에 타케히코,9.4,"6,300원",2018-08-22
11,9788956608556 ,구의 증명,소설,최진영,9.6,"7,200원",2015년03월30일,,11,9791138911733 ,"2023 큰별쌤 최태성의 별별한국사 한국사능력검정시험 심화(1,2,3급) 하",수험서 자격증,최태성,10,"13,500원",2022년 12월 05일,,11,791168414822 ,흔한남매의 흔한 호기심 8,국내도서,"흔한남매,안치현",/,"12,600원",2023년 01월 19일,,11,9791133487561 ,슬램덩크 신장재편판 6,만화,이노우에 타케히코,9.8,"6,300원",2018-08-22
12,9791169791526 ,원피스 104: 와노쿠니 쇼군 코즈키 모모노스케,만화,Eiichiro Oda,10,"4,950원",2023년01월31일,,12,9791169792974 ,슬램덩크 챔프 ,만화/라이트노벨,이노우에 타케히코,9.5,"13,500원",2023년 01월 06일,,12,791190538510 ,만일 내가 인생을 다시 산다면 (10만 부 기념 스페셜 에디션),국내도서,김혜남,/,"15,480원",2022년 11월 11일,,12,9791133487691 ,슬램덩크 신장재편판 19,만화,이노우에 타케히코,10,"6,300원",2018-11-14
13,9791190382915 ,생에 감사해,시/에세이,김혜자,9.8,"15,300원",2022년12월22일,,13,9791191043297 ,"오늘 밤, 세계에서 이 사랑이 사라진다 해도",소설/시/희곡,이치조 미사키,9.2,"12,600원",2021년 06월 28일,,13,788901260716 ,역행자,국내도서,자청,/,"15,750원",2022년 05월 30일,,13,9791133487578 ,슬램덩크 신장재편판 7,만화,이노우에 타케히코,9.6,"6,750원",2018-09-18
14,9791169792974 ,슬램덩크 챔프,만화,Takehiko Inoue,9.9,"13,500원",2023년01월31일,,14,9788954699914 ,하얼빈,소설/시/희곡,김훈,9.4,"14,400원",2022년 08월 03일,,14,791190382915 ,생에 감사해,국내도서,김혜자,/,"15,300원",2022년 12월 22일,,14,9791133487684 ,슬램덩크 신장재편판 18,만화,이노우에 타케히코,10,"5,850원",2018-11-14
15,9788936438838 ,아버지의 해방일지,소설,정지아,9.9,"13,500원",2022년09월02일,,15,9791168473690 ,세이노의 가르침,자기계발,세이노(SayNo),9.1,"6,480원",2023년 03월 02일,,15,791169792974 ,슬램덩크 챔프,국내도서,이노우에타케히코,/,"13,500원",2023년 01월 06일,,15,9791133487660 ,슬램덩크 신장재편판 16,만화,이노우에 타케히코,10,"6,300원",2018-11-14
16,9791158511586 ,우리는 모두 죽는다는 것을 기억하라,자기계발,웨인 다이어,9.7,"15,300원",2019년11월18일,,16,9791130689890 ,내가 틀릴 수도 있습니다,인문,비욘 나티코 린데블라드,9.3,"14,400원",2022년 04월 18일,,16,791168414471 ,흔한남매 12,국내도서,"흔한남매,백난도",/,"13,050원",2022년 11월 30일,,16,9791133487677 ,슬램덩크 신장재편판 17,만화,이노우에 타케히코,10,"6,300원",2018-11-14
17,9791197389450 ,사이토 히토리의,자기계발,사이토 히토리,9.8,"15,300원",2023년01월30일,,17,9791133487516 ,슬램덩크 신장재편판 1,만화/라이트노벨,이노우에 타케히코,9.7,"6,300원",2018년 08월 24일,,17,791191043754 ,세상의 마지막 기차역-리커버 에디션,국내도서,무라세다케시,/,"12,600원",2022년 05월 11일,,17,9791133487592 ,슬램덩크 신장재편판 9,만화,이노우에 타케히코,10,"6,750원",2018-09-18
18,9791157062805 ,미스터 프레지던트,정치/사회,탁현민,9.8,"19,800원",2023년01월18일,,18,9788917238549 ,ETS 토익 정기시험 기출문제집 1000 Vol.3 READING 리딩 ,국어 외국어 사전,ETS,9.8,"16,020원",2021년 12월 13일,,18,791169791977 ,스즈메의 문단속,국내도서,신카이 마코토,/,"11,700원",2023년 01월 13일,,18,9791133487585 ,슬램덩크 신장재편판 8,만화,이노우에 타케히코,10,"6,750원",2018-09-18
19,9791191521221 ,K 배터리 레볼루션,경제/경영,박순혁,9.6,"17,100원",2023년02월20일,,19,9791133487530 ,슬램덩크 신장재편판 3,만화/라이트노벨,이노우에 타케히코,9.8,"6,300원",2018년 08월 24일,,19,791198013026 ,김미경의 마흔 수업(이미 늦었다고 생각하는 당신을 위한),국내도서,김미경,/,"16,200원",2023년 02월 15일,,19,9791133487608 ,슬램덩크 신장재편판 10,만화,이노우에 타케히코,10,"6,300원",2018-09-18
20,9788960306134 ,돈은 좋지만 재테크는 겁나는 너에게,경제/경영,뿅글이,9.9,"14,850원",2023년02월01일,,20,9791133487523 ,슬램덩크 신장재편판 2,만화/라이트노벨,이노우에 타케히코,9.8,"5,850원",2018년 08월 24일,,20,788978496629 ,초역 니체의 말(3판),국내도서,"프리드리히 니체,시라토리 하루히코",/,"14,220원",2022년 08월 29일,,20,9791133487653 ,슬램덩크 신장재편판 15,만화,이노우에 타케히코,10,"6,750원",2018-11-14
2023년03월,,,,,,,,,2023년3월,,,,,,,,,2023년 3월,,,,,,,,,2023년3월,,,,,,,
1,9791168473690 ,세이노의 가르침,자기계발,세이노(SayNo),9.3,"6,480원",2023년03월02일,,1,9791198013026 ,김미경의 마흔 수업,자기계발,김미경,9.8,"16,200원",2023년 02월 15일,,1,791169791977 ,스즈메의 문단속,국내도서,신카이 마코토,/,"11,700원",2023년 01월 13일,,1,9791168473690 ,세이노의 가르침,자기계발,세이노(SayNo),8.6,"6,480원",2023-03-02
2,9791169791977 ,스즈메의 문단속,소설,신카이 마코토,9.7,"11,700원",2023년01월13일,,2,9791190538510 ,만일 내가 인생을 다시 산다면 (30만 부 기념 스페셜 에디션),인문,김혜남,9.6,"15,480원",2022년 11월 11일,,2,791168473690 ,세이노의 가르침,국내도서,세이노(SayNo),/,"6,480원",2023년 03월 02일,,2,8809264180921 ,우리 아기 오감발달 동물농장 사운드북,유아,샘 태플린,9.7,"15,200원",2018-04-11
3,9791198013026 ,이미 늦었다고 생각하는 당신을 위한,자기계발,김미경,9.6,"16,200원",2023년02월15일,,3,9791169794930 ,슬램덩크 리소스-THE FIRST SLAM DUNK re:SOURCE,만화/라이트노벨,이노우에 타케히코,9.8,"18,000원",2023년 02월 16일,,3,791197647666 ,기분이 태도가 되지 말자,국내도서,김수현,/,"14,400원",2022년 11월 25일,,3,9791198013026 ,김미경의 마흔 수업,자기계발,김미경,9.4,"16,200원",2023-02-15
4,9788950960667 ,"살 때, 팔 때, 벌 때",경제/경영,강영현,9.7,"19,800원",2023년02월28일,,4,9791168473690 ,세이노의 가르침,자기계발,세이노(SayNo),9.1,"6,480원",2023년 03월 02일,,4,791161571188 ,불편한 편의점(벚꽃 에디션),국내도서,김호연,/,"12,600원",2021년 04월 20일,,4,9791169791977 ,스즈메의 문단속,소설/시/희곡,신카이 마코토,7.9,"11,700원",2023-01-13
5,9788997575169 ,원씽(The One Thing)(리커버 특별판),자기계발,게리 켈러,9.7,"12,600원",2013년08월30일,,5,9791191521221 ,K 배터리 레볼루션,경제 경영,박순혁,9.5,"17,100원",2023년 02월 20일,,5,788997575169 ,원씽(THE ONE THING)(리커버 특별판),국내도서,"게리켈러,제이파파산",/,"12,600원",2017년 10월 25일,,5,8809264181515 ,클래식 뮤지컬 차이콥스키의 발레곡 호두까기 인형 사운드북,유아,피오나 와트,9.7,"15,200원",2020-11-05
6,9791191521221 ,K 배터리 레볼루션,경제/경영,박순혁,9.6,"17,100원",2023년02월20일,,6,9791133487516 ,슬램덩크 신장재편판 1,만화/라이트노벨,이노우에 타케히코,9.7,"6,300원",2018년 08월 24일,,6,791198013026 ,김미경의 마흔 수업(이미 늦었다고 생각하는 당신을 위한),국내도서,김미경,/,"16,200원",2023년 02월 15일,,6,K602832309,나의 히어로 아카데미아 37 (한정판),만화,호리코시 코헤이,10,"5,400원",2023-03-31
7,9791161571188 ,불편한 편의점(벚꽃 에디션),소설,김호연,9.8,"12,600원",2021년04월20일,,7,9791133487523 ,슬램덩크 신장재편판 2,만화/라이트노벨,이노우에 타케히코,9.8,"5,850원",2018년 08월 24일,,7,791191043754 ,세상의 마지막 기차역-리커버 에디션,국내도서,무라세다케시,/,"12,600원",2022년 05월 11일,,7,9791188331888 ,사장학개론,경제경영,김승호,8.9,"22,500원",2023-04-19
8,9791197389450 ,사이토 히토리의,자기계발,사이토 히토리,9.8,"15,300원",2023년01월30일,,8,9791133487530 ,슬램덩크 신장재편판 3,만화/라이트노벨,이노우에 타케히코,9.8,"6,300원",2018년 08월 24일,,8,791192504216 ,백앤아 1 - 미스터리 100층 감옥,국내도서,"백앤아(원작),안성훈",/,"13,500원",2023년 01월 27일,,8,9791168340855 ,내면소통,인문학,김주환,9,"29,700원",2023-02-27
9,9791185701752 ,나는 대한민국 검사였다,정치/사회,이인규,8.9,"18,000원",2023년03월24일,,9,9791133487707 ,슬램덩크 신장재편판 20,만화/라이트노벨,이노우에 타케히코,9.8,"6,300원",2018년 11월 14일,,9,788956608556 ,구의 증명(은행나무 노벨라 7),국내도서,최진영,/,"7,200원",2015년 03월 30일,,9,9788950960667 ,"살 때, 팔 때, 벌 때",경제경영,강영현,8.5,"19,800원",2023-03-02
10,9788956608556 ,구의 증명,소설,최진영,9.6,"7,200원",2015년03월30일,,10,9791161571188 ,불편한 편의점,소설/시/희곡,김호연,9.2,"12,600원",2021년 04월 20일,,10,791161571379 ,불편한 편의점2(단풍 에디션),국내도서,김호연,/,"12,600원",2022년 08월 10일,,10,9791197389450 ,사이토 히토리의 1퍼센트 부자의 법칙,자기계발,사이토 히토리,8.9,"15,300원",2023-01-30
11,9791188754588 ,브라질에 비가 내리면 스타벅스 주식을 사라(교보문고 단독 리커버 에디션),경제/경영,피터 나바로,9.7,"16,200원",2022년04월25일,,11,9791133487561 ,슬램덩크 신장재편판 6,만화/라이트노벨,이노우에 타케히코,9.8,"6,300원",2018년 08월 24일,,11,791169792035 ,스즈메의 문단속 (양장)(신카이 마코토 하드커버 시리즈),국내도서,신카이마코토,/,"13,050원",2023년 02월 27일,,11,8809264181478 ,키득키득 사운드북 : 동물 오케스트라,유아,샘 태플린,9.8,"11,040원",2020-02-25
12,9791169794930 ,슬램덩크 리소스(THE FIRST SLAM DUNK re:SOURCE),만화,이노우에 타케히코,9.9,"18,000원",2023년02월28일,,12,9791133487547 ,슬램덩크 신장재편판 4,만화/라이트노벨,이노우에 타케히코,9.8,"6,300원",2018년 08월 24일,,12,791185701752 ,나는 대한민국 검사였다 - 누가 노무현을 죽였나,국내도서,이인규,/,"18,000원",2023년 03월 24일,,12,9791130697529 ,거인의 노트,자기계발,김익한,9.5,"16,200원",2023-03-08
13,9788936448370 ,고양이 해결사 깜냥 5: 편의점을 환하게 밝혀라!,어린이(초등),홍민정,9.9,"9,900원",2023년02월24일,,13,9791133487554 ,슬램덩크 신장재편판 5,만화/라이트노벨,이노우에 타케히코,9.8,"6,300원",2018년 08월 24일,,13,788936448370 ,고양이 해결사 깜냥5-편의점을 환하게 밝혀라,국내도서,홍민정,/,"9,900원",2023년 02월 22일,,13,9788936448370 ,고양이 해결사 깜냥 5,어린이,홍민정,10,"9,900원",2023-02-22
14,9791197647666 ,기분이 태도가 되지 말자,시/에세이,김수현,9.4,"14,400원",2022년11월25일,,14,9788965422785 ,해커스 토익 기출  VOCA 보카,국어 외국어 사전,데이비드 조,9.6,"11,610원",2020년 03월 05일,,14,791191521221 ,K 배터리 레볼루션-향후 3년 새로운 부의 시장에서 승자가 되는 법,국내도서,박순혁,/,"17,100원",2023년 02월 20일,,14,9791188754588 ,브라질에 비가 내리면 스타벅스 주식을 사라,경제경영,피터 나바로,8.3,"16,200원",2022-04-25
15,9791190538510 ,만일 내가 인생을 다시 산다면(30만 부 기념 리커버 에디션),인문,김혜남,9.7,"15,480원",2022년11월11일,,15,9791133487691 ,슬램덩크 신장재편판 19,만화/라이트노벨,이노우에 타케히코,9.9,"6,300원",2018년 11월 14일,,15,791191043297 ,오늘 밤 세계에서 이 사랑이 사라진다 해도,국내도서,이치조미사키,/,"12,600원",2021년 06월 28일,,15,9791169794930 ,슬램덩크 리소스-THE FIRST SLAM DUNK re:SOURCE,만화,이노우에 타케히코,9.5,"18,000원",2023-02-16
16,9791188469994 ,당신은 결국 무엇이든 해내는 사람(10만 부 기념 특별 리커버 에디션),시/에세이,김상현,9.8,"15,300원",2022년04월20일,,16,9791133487684 ,슬램덩크 신장재편판 18,만화/라이트노벨,이노우에 타케히코,9.8,"5,850원",2018년 11월 14일,,16,791169794879 ,타키 포오 코믹 어드벤처 1 - 캐릭온TV 오리지널 코믹스,국내도서,"안도감,캐릭온TV(원작)",/,"11,700원",2023년 03월 21일,,16,9791130642116 ,조셉 머피 잠재의식의 힘,자기계발,조셉 머피,8.9,"17,100원",2023-02-22
17,9791161571379 ,불편한 편의점 2(단풍 에디션),소설,김호연,9.8,"12,600원",2022년08월10일,,17,9791133487660 ,슬램덩크 신장재편판 16,만화/라이트노벨,이노우에 타케히코,9.7,"6,300원",2018년 11월 14일,,17,788934944546 ,흔한남매 과학 탐험대7-생물1,국내도서,"흔한남매,김언정,이현진",/,"12,600원",2023년 03월 15일,,17,9791164065097 ,이상한 과자 가게 전천당 17,어린이,히로시마 레이코,10,"11,700원",2023-03-20
18,9791168340855 ,내면소통,인문,김주환,9.7,"29,700원",2023년02월27일,,18,9791133487677 ,슬램덩크 신장재편판 17,만화/라이트노벨,이노우에 타케히코,9.7,"6,300원",2018년 11월 14일,,18,788901260716 ,역행자,국내도서,자청,/,"15,750원",2022년 05월 30일,,18,9791191521221 ,K 배터리 레볼루션,경제경영,박순혁,9.6,"17,100원",2023-02-20
19,9788965422785 ,해커스 토익 기출보카 TOEIC VOCA(토익보카) 단어장,외국어,David Cho,9.7,"11,610원",2022년03월14일,,19,9791133487578 ,슬램덩크 신장재편판 7,만화/라이트노벨,이노우에 타케히코,9.7,"6,750원",2018년 09월 18일,,19,791169792974 ,슬램덩크 챔프,국내도서,이노우에타케히코,/,"13,500원",2023년 01월 06일,,19,9788917238549 ,ETS 토익 정기시험 기출문제집 1000 Vol. 3 Reading (리딩),외국어,ETS,9.7,"16,020원",2021-12-13
20,9791158741846 ,한밤중의 심리학 수업,자기계발,황양밍,9.8,"15,570원",2023년04월10일,,20,9791133487653 ,슬램덩크 신장재편판 15,만화/라이트노벨,이노우에 타케히코,9.7,"6,750원",2018년 11월 14일,,20,791169794930 ,슬램덩크 리소스-THE FIRST SLAM DUNK re:SOURCE,국내도서,이노우에 타케히코,/,"18,000원",2023년 02월 16일,,20,8809264180679 ,우리 아기 오감발달 시끌벅적 정글 사운드북,유아,샘 태플린,7.7,"15,200원",2017-03-08
2023년04월,,,,,,,,,2023년4월,,,,,,,,,2023년 4월,,,,,,,,,2023년4월,,,,,,,
1,9791168473690 ,세이노의 가르침,자기계발,세이노(SayNo),9.3,"6,480원",2023년03월02일,,1,9791168473690 ,세이노의 가르침,자기계발,세이노(SayNo),9.1,"6,480원",2023년 03월 02일,,1,791168473690 ,세이노의 가르침,국내도서,세이노(SayNo),/,"6,480원",2023년 03월 02일,,1,9791168473690 ,세이노의 가르침,자기계발,세이노(SayNo),8.6,"6,480원",2023-03-02
2,9791188331888 ,사장학개론,경제/경영,김승호,9.9,"22,500원",2023년04월19일,,2,9791198013026 ,김미경의 마흔 수업,자기계발,김미경,9.8,"16,200원",2023년 02월 15일,,2,791169791977 ,스즈메의 문단속,국내도서,신카이 마코토,/,"11,700원",2023년 01월 13일,,2,9788954691741 ,2023 제14회 젊은작가상 수상작품집,소설/시/희곡,이미상,7.8,"6,930원",2023-04-05
3,9791198013026 ,이미 늦었다고 생각하는 당신을 위한,자기계발,김미경,9.6,"16,200원",2023년02월15일,,3,9788950960667 ,"살 때, 팔 때, 벌 때",경제 경영,강영현,9.7,"19,800원",2023년 03월 02일,,3,791197647666 ,기분이 태도가 되지 말자,국내도서,김수현,/,"14,400원",2022년 11월 25일,,3,9788960519794 ,장하준의 경제학 레시피,경제경영,장하준,8.9,"16,200원",2023-03-30
4,9791169791977 ,스즈메의 문단속,소설,신카이 마코토,9.7,"11,700원",2023년01월13일,,4,9791169791977 ,스즈메의 문단속,소설/시/희곡,신카이 마코토,9.6,"11,700원",2023년 01월 13일,,4,788997575169 ,원씽(THE ONE THING)(리커버 특별판),국내도서,"게리켈러,제이파파산",/,"12,600원",2017년 10월 25일,,4,9788970128337 ,달리기를 말할 때 내가 하고 싶은 이야기 (리커버 한정판),에세이,무라카미 하루키,9.1,"13,050원",2023-03-30
5,9788960519794 ,장하준의 경제학 레시피,경제/경영,장하준,9.6,"16,200원",2023년03월30일,,5,9788936438838 ,아버지의 해방일지,소설/시/희곡,정지아,9.6,"13,500원",2022년 09월 02일,,5,791168415157 ,에그박사 9-자연 생물 관찰 만화,국내도서,"에그박사,박송이",/,"13,050원",2023년 03월 28일,,5,9791188331888 ,사장학개론,경제경영,김승호,8.9,"22,500원",2023-04-19
6,9788954691741 ,2023 제14회 젊은작가상 수상작품집,소설,이미상,9.6,"6,930원",2023년04월05일,,6,9791197389450 ,1퍼센트 부자의 법칙,자기계발,사이토 히토리,9.6,"15,300원",2023년 01월 30일,,6,791161571188 ,불편한 편의점(벚꽃 에디션),국내도서,김호연,/,"12,600원",2021년 04월 20일,,6,9791169791977 ,스즈메의 문단속,소설/시/희곡,신카이 마코토,7.9,"11,700원",2023-01-13
7,9788997575169 ,원씽(The One Thing)(리커버 특별판),자기계발,게리 켈러,9.7,"12,600원",2013년08월30일,,7,9791190538510 ,만일 내가 인생을 다시 산다면 (30만 부 기념 스페셜 에디션),인문,김혜남,9.6,"15,480원",2022년 11월 11일,,7,791188469994 ,당신은 결국 무엇이든 해내는 사람(10만 부 기념 특별 리커버 에디션),국내도서,김상현,/,"15,300원",2022년 04월 20일,,7,9791168415232 ,흔한남매 13,어린이,흔한남매,10,"13,050원",2023-04-25
8,9791188469994 ,당신은 결국 무엇이든 해내는 사람(10만 부 기념 특별 리커버 에디션),시/에세이,김상현,9.8,"15,300원",2022년04월20일,,8,9791191521221 ,K 배터리 레볼루션,경제 경영,박순혁,9.5,"17,100원",2023년 02월 20일,,8,791168415232 ,흔한남매 13,국내도서,"흔한남매,백난도",/,"13,050원",2023년 04월 25일,,8,9791136766236 ,도쿄 에일리언즈 6,만화,NAOE,10,"5,400원",2023-04-28
9,9791191891287 ,메리골드 마음 세탁소,소설,윤정은,9.5,"13,500원",2023년03월06일,,9,9788936448370 ,고양이 해결사 깜냥 5,어린이,홍민정,10,"9,900원",2023년 02월 24일,,9,791169792035 ,스즈메의 문단속 (양장)(신카이 마코토 하드커버 시리즈),국내도서,신카이마코토,/,"13,050원",2023년 02월 27일,,9,9791198013026 ,김미경의 마흔 수업,자기계발,김미경,9.4,"16,200원",2023-02-15
10,9791130697529 ,거인의 노트,자기계발,김익한,9.8,"16,200원",2023년03월08일,,10,9791188754588 ,브라질에 비가 내리면 스타벅스 주식을 사라,경제 경영,피터 나바로,8.9,"16,200원",2022년 04월 25일,,10,791169794879 ,타키 포오 코믹 어드벤처 1 - 캐릭온TV 오리지널 코믹스,국내도서,"안도감,캐릭온TV(원작)",/,"11,700원",2023년 03월 21일,,10,9788934965909 ,더 좋은 삶을 위한 철학,인문학,마이클 슈어,9.3,"16,200원",2023-02-24
11,9791191521221 ,K 배터리 레볼루션,경제/경영,박순혁,9.6,"17,100원",2023년02월20일,,11,9791158510619 ,타이탄의 도구들 (블랙 에디션),자기계발,팀 페리스,9.2,"16,200원",2022년 06월 22일,,11,791198013026 ,김미경의 마흔 수업(이미 늦었다고 생각하는 당신을 위한),국내도서,김미경,/,"16,200원",2023년 02월 15일,,11,9788934965909 ,더 좋은 삶을 위한 철학,인문학,마이클 슈어,9.3,"16,200원",2023-02-24
12,9791161571188 ,불편한 편의점(벚꽃 에디션),소설,김호연,9.8,"12,600원",2021년04월20일,,12,9791161571188 ,불편한 편의점,소설/시/희곡,김호연,9.2,"12,600원",2021년 04월 20일,,12,788934944546 ,흔한남매 과학 탐험대7-생물1,국내도서,"흔한남매,김언정,이현진",/,"12,600원",2023년 03월 15일,,12,9791168340855 ,내면소통,인문학,김주환,9,"29,700원",2023-02-27
13,9791168415232 ,흔한남매 13,어린이(초등),흔한남매,9.9,"13,050원",2023년04월25일,,13,9791198179913 ,설민석의 한국사 대모험 24,어린이,설민석,10,"11,700원",2023년 02월 27일,,13,788956608556 ,구의 증명(은행나무 노벨라 7),국내도서,최진영,/,"7,200원",2015년 03월 30일,,13,9791159098444 ,던전앤파이터 진각성 아트북 세트 - 전2권,예술/대중문화,(주)네오플,6.4,"76,500원",2023-04-13
14,9791188754588 ,브라질에 비가 내리면 스타벅스 주식을 사라(교보문고 단독 리커버 에디션),경제/경영,피터 나바로,9.7,"16,200원",2022년04월25일,,14,9788997575169 ,원씽 THE ONE THING,자기계발,게리 켈러,9.1,"12,600원",2013년 08월 30일,,14,791192504216 ,백앤아 1 - 미스터리 100층 감옥,국내도서,"백앤아(원작),안성훈",/,"13,500원",2023년 01월 27일,,14,9791166831515 ,영어 필사 100일의 기적,외국어,퍼포먼스 코치 리아,9.1,"13,500원",2021-11-10
15,9788956608556 ,구의 증명,소설,최진영,9.6,"7,200원",2015년03월30일,,15,9791168340855 ,내면소통,인문,김주환,9.6,"29,700원",2023년 02월 27일,,15,791168415171 ,슈뻘맨의 숨은 과학 찾기 1 - 엉뚱 도전 속에 숨은 과학 상식,국내도서,"서후,슈뻘맨(원작)",/,"12,600원",2023년 03월 23일,,15,9791169798617 ,봇치·더·록! 5,만화,하마지 아키,10,"7,200원",2023-05-10
16,9791190299770 ,모든 삶은 흐른다,인문,로랑스 드빌레르,9.3,"15,120원",2023년04월03일,,16,9791188331888 ,사장학개론,경제 경영,김승호,9.6,"22,500원",2023년 04월 19일,,16,791188331888 ,사장학개론,국내도서,김승호,/,"22,500원",2023년 04월 19일,,16,9791190299770 ,모든 삶은 흐른다,인문학,로랑스 드빌레르,8.6,"15,120원",2023-04-03
17,9791169850179 ,아주 세속적인 지혜,자기계발,발타자르 그라시안,9.7,"12,150원",2023년03월24일,,17,9791185701752 ,나는 대한민국 검사였다,사회 정치,이인규,7.3,"18,000원",2023년 03월 24일,,17,791191043754 ,세상의 마지막 기차역-리커버 에디션,국내도서,무라세다케시,/,"12,600원",2022년 05월 11일,,17,9791130697529 ,거인의 노트,자기계발,김익한,9.5,"16,200원",2023-03-08
18,9788937427831 ,돌연한 출발,소설,프란츠 카프카,9.7,"14,400원",2023년04월07일,,18,9791161571379 ,불편한 편의점 2,소설/시/희곡,김호연,9.2,"12,600원",2022년 08월 10일,,18,791191891287 ,메리골드 마음 세탁소,국내도서,윤정은,/,"13,500원",2023년 03월 06일,,18,9791191521221 ,K 배터리 레볼루션,경제경영,박순혁,9.6,"17,100원",2023-02-20
19,9791168340855 ,내면소통,인문,김주환,9.7,"29,700원",2023년02월27일,,19,9788917238549 ,ETS 토익 정기시험 기출문제집 1000 Vol.3 READING 리딩 ,국어 외국어 사전,ETS,9.8,"16,020원",2021년 12월 13일,,19,788960519794 ,장하준의 경제학 레시피 - 마늘에서 초콜릿까지 18가지 재료로 요리한 경제 이야기,국내도서,장하준,/,"16,200원",2023년 03월 30일,,19,9791169850179 ,아주 세속적인 지혜,자기계발,발타자르 그라시안,9.6,"12,150원",2023-03-24
20,9791169792035 ,스즈메의 문단속,소설,신카이 마코토,9.7,"13,050원",2023년02월27일,,20,9788934944546 ,흔한남매 과학 탐험대 7 생물 1,어린이,흔한남매,10,"12,600원",2023년 03월 15일,,20,791191521221 ,K 배터리 레볼루션-향후 3년 새로운 부의 시장에서 승자가 되는 법,국내도서,박순혁,/,"17,100원",2023년 02월 20일,,20,9788986836882 ,음악으로 자유로워지다,예술/대중문화,류이치 사카모토 (Ryuichi Sakamoto),9.9,"16,200원",2023-04-03
2023년05월,,,,,,,,,2023년5월,,,,,,,,,2023년 5월,,,,,,,,,2023년5월,,,,,,,
1,9791168473690 ,세이노의 가르침,자기계발,세이노(SayNo),9.3,"6,480원",2023년03월02일,,1,9791168473690 ,세이노의 가르침,자기계발,세이노(SayNo),9.1,"6,480원",2023년 03월 02일,,1,791168473690 ,세이노의 가르침,국내도서,세이노(SayNo),/,"6,480원",2023년 03월 02일,,1,9791168473690 ,세이노의 가르침,자기계발,세이노(SayNo),8.6,"6,480원",2023-03-02
2,9791168415232 ,흔한남매 13,어린이(초등),흔한남매,9.9,"13,050원",2023년04월25일,,2,9791198013026 ,김미경의 마흔 수업,자기계발,김미경,9.8,"16,200원",2023년 02월 15일,,2,791168415232 ,흔한남매 13,국내도서,"흔한남매,백난도",/,"13,050원",2023년 04월 25일,,2,K132833063,주술회전 22 (초판한정 스페셜 일러스트 카드 + 선착순 한정 옷코츠 유타 포토 카드 포함 특장판),만화,아쿠타미 게게,10,"5,400원",2023-05-31
3,9791188331888 ,사장학개론,경제/경영,김승호,9.9,"22,500원",2023년04월19일,,3,9791161571188 ,불편한 편의점,소설/시/희곡,김호연,9.2,"12,600원",2021년 04월 20일,,3,791169791977 ,스즈메의 문단속,국내도서,신카이 마코토,/,"11,700원",2023년 01월 13일,,3,9788954692991 ,여학교의 별 3,만화,와야마 야마,9.7,"7,650원",2023-05-25
4,9791190299770 ,모든 삶은 흐른다,인문,로랑스 드빌레르,9.3,"15,120원",2023년04월03일,,4,9791169791977 ,스즈메의 문단속,소설/시/희곡,신카이 마코토,9.6,"11,700원",2023년 01월 13일,,4,791188331888 ,사장학개론,국내도서,김승호,/,"22,500원",2023년 04월 19일,,4,9791167740984 ,도둑맞은 집중력,인문학,요한 하리,9.5,"16,920원",2023-04-28
5,9791169791977 ,스즈메의 문단속,소설,신카이 마코토,9.7,"11,700원",2023년01월13일,,5,9791168415232 ,흔한남매 13,어린이,흔한남매,9.8,"13,050원",2023년 04월 25일,,5,791192504216 ,백앤아 1 - 미스터리 100층 감옥,국내도서,"백앤아(원작),안성훈",/,"13,500원",2023년 01월 27일,,5,9788954692526 ,각각의 계절,소설/시/희곡,권여선,9.7,"13,500원",2023-05-07
6,9791191891287 ,메리골드 마음 세탁소,소설,윤정은,9.5,"13,500원",2023년03월06일,,6,9791188331888 ,사장학개론,경제 경영,김승호,9.6,"22,500원",2023년 04월 19일,,6,791169794879 ,타키 포오 코믹 어드벤처 1 - 캐릭온TV 오리지널 코믹스,국내도서,"안도감,캐릭온TV(원작)",/,"11,700원",2023년 03월 21일,,6,9791170620563 ,최애의 아이 10,만화,아카사카 아카,9.9,"5,400원",2023-05-30
7,9791188469994 ,당신은 결국 무엇이든 해내는 사람(10만 부 기념 특별 리커버 에디션),시/에세이,김상현,9.8,"15,300원",2022년04월20일,,7,9788960519794 ,장하준의 경제학 레시피,경제 경영,장하준,9.4,"16,200원",2023년 03월 30일,,7,791197647666 ,기분이 태도가 되지 말자,국내도서,김수현,/,"14,400원",2022년 11월 25일,,7,9791190299770 ,모든 삶은 흐른다,인문학,로랑스 드빌레르,8.6,"15,120원",2023-04-03
8,9788997575169 ,원씽(The One Thing)(리커버 특별판),자기계발,게리 켈러,9.7,"12,600원",2013년08월30일,,8,9791136099853 ,2023 에듀윌 공인중개사 오시훈 합격서 부동산공법 체계도,수험서 자격증,오시훈,10,"17,100원",2023년 04월 21일,,8,791192579504 ,바다가 들리는 편의점,국내도서,마치다 소노코,/,"14,400원",2023년 03월 24일,,8,9791188331888 ,사장학개론,경제경영,김승호,8.9,"22,500원",2023-04-19
9,9791158741907 ,"챗GPT, 질문이 돈이 되는 세상",경제/경영,전상훈,9.8,"16,920원",2023년05월20일,,9,9791191891287 ,메리골드 마음 세탁소,소설/시/희곡,윤정은,9.4,"13,500원",2023년 03월 06일,,9,791168415171 ,슈뻘맨의 숨은 과학 찾기 1 - 엉뚱 도전 속에 숨은 과학 상식,국내도서,"서후,슈뻘맨(원작)",/,"12,600원",2023년 03월 23일,,9,9791168415232 ,흔한남매 13,어린이,흔한남매,10,"13,050원",2023-04-25
10,9788937427831 ,돌연한 출발,소설,프란츠 카프카,9.7,"14,400원",2023년04월07일,,10,9791191043754 ,세상의 마지막 기차역,소설/시/희곡,무라세 다케시,9.6,"12,600원",2022년 05월 11일,,10,788997575169 ,원씽(THE ONE THING)(리커버 특별판),국내도서,"게리켈러,제이파파산",/,"12,600원",2017년 10월 25일,,10,9791170620228 ,원피스 105,만화,오다 에이치로,8.7,"4,950원",2023-05-30
11,9791167372864 ,구의 증명,소설,최진영,9.6,"10,800원",2023년04월26일,,11,9791191521221 ,K 배터리 레볼루션,경제 경영,박순혁,9.5,"17,100원",2023년 02월 20일,,11,791161571188 ,불편한 편의점(벚꽃 에디션),국내도서,김호연,/,"12,600원",2021년 04월 20일,,11,9791166891496 ,하늘과 바람과 별과 인간,과학,김상욱,8.6,"16,020원",2023-05-26
12,9791167140609 ,내가 가진 것을 세상이 원하게 하라,자기계발,최인아,9.7,"15,750원",2023년04월19일,,12,9791168340855 ,내면소통,인문,김주환,9.6,"29,700원",2023년 02월 27일,,12,791188469994 ,당신은 결국 무엇이든 해내는 사람(10만 부 기념 특별 리커버 에디션),국내도서,김상현,/,"15,300원",2022년 04월 20일,,12,9791165347161 ,나의 돈 많은 고등학교 친구,자기계발,송희구,9.1,"16,200원",2023-04-28
13,9788901272580 ,역행자(확장판),자기계발,자청,9.4,"17,550원",2023년05월29일,,13,9791130697529 ,거인의 노트,자기계발,김익한,9.6,"16,200원",2023년 03월 08일,,13,791192504230 ,백앤아 2 - 달콤바삭 요정 과자집,국내도서,"백앤아(원작),주눅",/,"13,500원",2023년 05월 17일,,13,9791167140609 ,내가 가진 것을 세상이 원하게 하라,자기계발,최인아,9.5,"15,750원",2023-04-19
14,9788960519794 ,장하준의 경제학 레시피,경제/경영,장하준,9.6,"16,200원",2023년03월30일,,14,9788954691741 ,2023 제14회 젊은작가상 수상작품집,소설/시/희곡,이미상,9.3,"6,930원",2023년 04월 05일,,14,791169796583 ,최애의 아이 1,국내도서,아카사카아카,/,"5,400원",2023년 03월 28일,,14,9791166831515 ,영어 필사 100일의 기적,외국어,퍼포먼스 코치 리아,9.1,"13,500원",2021-11-10
15,9788954691741 ,2023 제14회 젊은작가상 수상작품집,소설,이미상,9.6,"6,930원",2023년04월05일,,15,9791158773120 ,건강과 다이어트를 동시에 잡는 7대 3의 법칙 채소·과일식,건강 취미,조승우,9.5,"17,100원",2022년 10월 20일,,15,791169792035 ,스즈메의 문단속 (양장)(신카이 마코토 하드커버 시리즈),국내도서,신카이마코토,/,"13,050원",2023년 02월 27일,,15,9788901271323 ,태양 왕 수바: 수박의 전설,유아,이지은,9.7,"15,120원",2023-05-15
16,9791198013026 ,이미 늦었다고 생각하는 당신을 위한,자기계발,김미경,9.6,"16,200원",2023년02월15일,,16,9791188754588 ,브라질에 비가 내리면 스타벅스 주식을 사라,경제 경영,피터 나바로,8.9,"16,200원",2022년 04월 25일,,16,791191891287 ,메리골드 마음 세탁소,국내도서,윤정은,/,"13,500원",2023년 03월 06일,,16,9788954691741 ,2023 제14회 젊은작가상 수상작품집,소설/시/희곡,이미상,7.8,"6,930원",2023-04-05
17,9791165347161 ,나의 돈 많은 고등학교 친구,자기계발,송희구,9.5,"16,200원",2023년04월28일,,17,9791160079197 ,우리는 왜 임영웅을 사랑하는가,예술,조위,9.3,"18,000원",2023년 04월 14일,,17,788934944546 ,흔한남매 과학 탐험대7-생물1,국내도서,"흔한남매,김언정,이현진",/,"12,600원",2023년 03월 15일,,17,9788936438838 ,아버지의 해방일지,소설/시/희곡,정지아,9.4,"13,500원",2022-09-02
18,9791167740984 ,도둑맞은 집중력,인문,요한 하리,9.7,"16,920원",2023년04월28일,,18,9791161571379 ,불편한 편의점 2,소설/시/희곡,김호연,9.2,"12,600원",2022년 08월 10일,,18,791170621270 ,타키 포오의 이세계 여행사 2 - 캐릭온TV 창작 어드벤처 만화,국내도서,"캐릭온TV(원작),스튜디오왓츠비",/,"11,700원",2023년 04월 25일,,18,9791138478366 ,내세에는 남남이 좋겠어 7,만화,코니시 아스카,10,"5,400원",2023-05-18
19,9791188331796 ,돈의 속성(300쇄 리커버에디션),경제/경영,김승호,9.7,"16,020원",2020년06월15일,,19,9788997575169 ,원씽 THE ONE THING,자기계발,게리 켈러,9.1,"12,600원",2013년 08월 30일,,19,788956608556 ,구의 증명(은행나무 노벨라 7),국내도서,최진영,/,"7,200원",2015년 03월 30일,,19,9788965965046 ,도파민네이션,인문학,애나 렘키,8.9,"16,200원",2022-03-21
20,9791161571188 ,불편한 편의점(벚꽃 에디션),소설,김호연,9.8,"12,600원",2021년04월20일,,20,9791190538510 ,만일 내가 인생을 다시 산다면 (30만 부 기념 스페셜 에디션),인문,김혜남,9.6,"15,480원",2022년 11월 11일,,20,788954691741 ,젊은작가상 수상작품집 2023(제14회),국내도서,"이미상,김멜라,성혜령,이서수,정선임,함윤이",/,"6,930원",2023년 04월 05일,,20,9788960519794 ,장하준의 경제학 레시피,경제경영,장하준,8.9,"16,200원",2023-03-30
,,,,,,,,,2023년6월,,,,,,,,,2023년 6월,,,,,,,,,2023년6월,,,,,,,
,,,,,,,,,1,9791168473690 ,세이노의 가르침,자기계발,세이노(SayNo),9.1,"6,480원",2023년 03월 02일,,1,791168473690 ,세이노의 가르침,국내도서,세이노(SayNo),/,"6,480원",2023년 03월 02일,,1,9791198320902 ,BEYOND THE STORY 비욘드 더 스토리,예술/대중문화,강명석,10,"31,500원",2023-07-09
,,,,,,,,,2,9791168415232 ,흔한남매 13,어린이,흔한남매,9.8,"13,050원",2023년 04월 25일,,2,791168415232 ,흔한남매 13,국내도서,"흔한남매,백난도",/,"13,050원",2023년 04월 25일,,2,9791192836188 ,문과 남자의 과학 공부,인문학,유시민,9.5,"15,750원",2023-06-23
,,,,,,,,,3,9791188331888 ,사장학개론,경제 경영,김승호,9.6,"22,500원",2023년 04월 19일,,3,791168415409 ,흔한남매의 흔한 호기심 9,국내도서,"흔한남매,안치현",/,"12,600원",2023년 06월 08일,,3,9791168473690 ,세이노의 가르침,자기계발,세이노(SayNo),8.6,"6,480원",2023-03-02
,,,,,,,,,4,9791190299770 ,모든 삶은 흐른다,인문,로랑스 드빌레르,9.5,"15,120원",2023년 04월 03일,,4,788997575169 ,원씽(THE ONE THING)(리커버 특별판),국내도서,"게리켈러,제이파파산",/,"12,600원",2017년 10월 25일,,4,9791167740984 ,도둑맞은 집중력,인문학,요한 하리,9.5,"16,920원",2023-04-28
,,,,,,,,,5,9791198013026 ,김미경의 마흔 수업,자기계발,김미경,9.8,"16,200원",2023년 02월 15일,,5,788901272580 ,역행자 확장판 - 돈 시간 운명으로부터 완전한 자유를 얻는 7단계 인생 공략집,국내도서,자청,/,"17,550원",2023년 05월 29일,,5,9788901272580 ,역행자 확장판,자기계발,자청,7.8,"17,550원",2023-05-29
,,,,,,,,,6,9791191891287 ,메리골드 마음 세탁소,소설/시/희곡,윤정은,9.4,"13,500원",2023년 03월 06일,,6,791192579504 ,바다가 들리는 편의점,국내도서,마치다 소노코,/,"14,400원",2023년 03월 24일,,6,9788932474892 ,유현준의 인문 건축 기행,인문학,유현준,9.8,"17,550원",2023-05-30
,,,,,,,,,7,9791165347161 ,나의 돈 많은 고등학교 친구,자기계발,송희구,9.6,"16,200원",2023년 04월 28일,,7,791192504230 ,백앤아 2 - 달콤바삭 요정 과자집,국내도서,"백앤아(원작),주눅",/,"13,500원",2023년 05월 17일,,7,9791141109318 ,블루 아카이브 오피셜 아트웍스 (한정판),만화,신민섭,10,"88,200원",2023-08-25
,,,,,,,,,8,9791169791977 ,스즈메의 문단속,소설/시/희곡,신카이 마코토,9.6,"11,700원",2023년 01월 13일,,8,791197647666 ,기분이 태도가 되지 말자,국내도서,김수현,/,"14,400원",2022년 11월 25일,,8,9791140472017 ,만화 데뷔 못 하면 죽는 병 걸림 1 (한정판),만화,소흔,7.2,"44,100원",2023-08-25
,,,,,,,,,9,9791158773120 ,건강과 다이어트를 동시에 잡는 7대 3의 법칙 채소·과일식,건강 취미,조승우,9.5,"17,100원",2022년 10월 20일,,9,791169794886 ,타키 포오 코믹 어드벤처 2 - 캐릭온TV 오리지널 코믹스,국내도서,"안도감,캐릭온TV(원작)",/,"11,700원",2023년 05월 23일,,9,9791141109325 ,블루 아카이브 오피셜 아트웍스,만화,신민섭,10,"38,700원",2023-08-25
,,,,,,,,,10,9791170620563 ,최애의 아이 10 ,만화/라이트노벨,아카사카 아카,9.7,"5,400원",2023년 05월 30일,,10,791169796583 ,최애의 아이 1,국내도서,아카사카아카,/,"5,400원",2023년 03월 28일,,10,9791136769367 ,명탐정 코난 103,만화,아오야마 고쇼,10,"5,400원",2023-06-19
,,,,,,,,,11,9791161571188 ,불편한 편의점,소설/시/희곡,김호연,9.2,"12,600원",2021년 04월 20일,,11,791188331888 ,사장학개론,국내도서,김승호,/,"22,500원",2023년 04월 19일,,11,9788954699372 ,눈부신 안부,소설/시/희곡,백수린,9.7,"14,400원",2023-05-24
,,,,,,,,,12,9791167140609 ,내가 가진 것을 세상이 원하게 하라,자기계발,최인아,9.5,"15,750원",2023년 04월 19일,,12,791191891287 ,메리골드 마음 세탁소,국내도서,윤정은,/,"13,500원",2023년 03월 06일,,12,9791192389073 ,유연함의 힘,자기계발,수잔 애쉬포드,0,"19,800원",2023-05-10
,,,,,,,,,13,2511868370405 ,주술회전 22 더블특장판,만화/라이트노벨,아쿠타미 게게,9.8,"5,400원",2023년 05월 31일,,13,791170620228 ,원피스 105- 루피의 꿈,국내도서,"오다에이치로(원작),코지쇼헤이",/,"5,220원",2023년 05월 30일,,13,K102833012,지박소년 하나코 군 19 (특장판),만화,아이다이로,8.9,"5,400원",2023-06-30
,,,,,,,,,14,9788936438838 ,아버지의 해방일지,소설/시/희곡,정지아,9.6,"13,500원",2022년 09월 02일,,14,791169791977 ,스즈메의 문단속,국내도서,신카이 마코토,/,"11,700원",2023년 01월 13일,,14,9791166891496 ,하늘과 바람과 별과 인간,과학,김상욱,8.6,"16,020원",2023-05-26
,,,,,,,,,15,9791168340855 ,내면소통,인문,김주환,9.6,"29,700원",2023년 02월 27일,,15,791167763846 ,풍수전쟁,국내도서,김진명,/,"15,120원",2023년 05월 24일,,15,9791192625508 ,마음의 지혜,인문학,김경일,10,"16,920원",2023-05-17
,,,,,,,,,16,9788960519794 ,장하준의 경제학 레시피,경제 경영,장하준,9.4,"16,200원",2023년 03월 30일,,16,791188331796 ,돈의 속성(300쇄 기념 에디션),국내도서,김승호,/,"16,020원",2020년 06월 15일,,16,9788954693370 ,이걸 내 마음이라고 하자,소설/시/희곡,황인찬,10,"10,800원",2023-06-15
,,,,,,,,,17,9791191360721 ,이지성의 1만 킬로미터,에세이,이지성,9.8,"16,200원",2023년 04월 20일,,17,791161571188 ,불편한 편의점(벚꽃 에디션),국내도서,김호연,/,"12,600원",2021년 04월 20일,,17,9791130698199 ,맡겨진 소녀,소설/시/희곡,클레어 키건,9.4,"11,700원",2023-04-26
,,,,,,,,,18,9791167740984 ,도둑맞은 집중력,인문,요한 하리,9.6,"16,920원",2023년 04월 28일,,18,791192504216 ,백앤아 1 - 미스터리 100층 감옥,국내도서,"백앤아(원작),안성훈",/,"13,500원",2023년 01월 27일,,18,9791188331888 ,사장학개론,경제경영,김승호,8.9,"22,500원",2023-04-19
,,,,,,,,,19,9788997575169 ,원씽 THE ONE THING,자기계발,게리 켈러,9.1,"12,600원",2013년 08월 30일,,19,791170620563 ,최애의 아이 10(개정판),국내도서,아카사카아카,/,"5,400원",2023년 05월 30일,,19,9791190299770 ,모든 삶은 흐른다,인문학,로랑스 드빌레르,8.6,"15,120원",2023-04-03
,,,,,,,,,20,9791188331796 ,돈의 속성 300쇄 리커버,경제 경영,김승호,9.3,"16,020원",2020년 06월 15일,,20,791188469994 ,당신은 결국 무엇이든 해내는 사람(10만 부 기념 특별 리커버 에디션),국내도서,김상현,/,"15,300원",2022년 04월 20일,,20,9788954693509 ,최선을 다하면 죽는다,에세이,황선우,9.2,"13,500원",2023-06-07
